,danceability,energy,key,loudness,mode,speechiness,acousticness,instrumentalness,liveness,valence,tempo,id,uri,duration_ms,time_signature,label
0,0.275,0.157,7,-18.752,1,0.0636,0.89,0.842,0.186,0.304,73.289,17i5jLpzndlQhbS4SrTd0B,spotify:track:17i5jLpzndlQhbS4SrTd0B,152280,4,classic
1,0.221,0.126,0,-25.427,1,0.0447,0.989,0.897,0.102,0.216,133.63,4SFBV7SRNG2e2kyL1F6kjU,spotify:track:4SFBV7SRNG2e2kyL1F6kjU,139307,4,classic
2,0.289,0.0306,9,-30.79,0,0.0446,0.987,0.911,0.102,0.118,125.61,3zLTPuucd3e6TxZnu2dlVS,spotify:track:3zLTPuucd3e6TxZnu2dlVS,212067,3,classic
3,0.0753,0.07,2,-27.272,1,0.044,0.918,0.947,0.146,0.0625,79.801,7h6GoPvGHC9uzZJ8bNvfIq,spotify:track:7h6GoPvGHC9uzZJ8bNvfIq,365147,4,classic
4,0.13,0.158,2,-16.132,1,0.035,0.748,0.924,0.1,0.0998,85.031,5x3TUfYzgZIdt0Kaop64ss,spotify:track:5x3TUfYzgZIdt0Kaop64ss,302093,4,classic
5,0.0939,0.0336,2,-24.041,0,0.0606,0.927,0.83,0.0954,0.0516,67.359,1upQiytDIEZfl9ItruoXuC,spotify:track:1upQiytDIEZfl9ItruoXuC,207267,3,classic
6,0.376,0.00579,5,-31.615,0,0.0576,0.996,0.944,0.0882,0.0369,71.827,5fdp9rXfEixCGLM1Og4EN1,spotify:track:5fdp9rXfEixCGLM1Og4EN1,296480,4,classic
7,0.169,0.0161,9,-31.034,0,0.0442,0.986,0.86,0.0805,0.0573,128.143,0jOnZhF75V68VsBObWx2XO,spotify:track:0jOnZhF75V68VsBObWx2XO,174267,3,classic
8,0.335,0.00501,1,-33.366,1,0.0451,0.993,0.919,0.0618,0.0383,132.085,1cmigB9I6IRpFqjIbzvSQB,spotify:track:1cmigB9I6IRpFqjIbzvSQB,294960,3,classic
9,0.205,0.0686,4,-23.415,0,0.0462,0.873,0.402,0.0909,0.0359,90.779,6Uk28Hs2MulezLxMrd1rBD,spotify:track:6Uk28Hs2MulezLxMrd1rBD,337253,1,classic
10,0.233,0.0252,2,-24.824,1,0.0346,0.975,0.604,0.143,0.0936,94.736,0dzl6bBvsIAfHLlTbBObTW,spotify:track:0dzl6bBvsIAfHLlTbBObTW,707173,4,classic
11,0.371,0.131,2,-23.899,1,0.0413,0.898,0.925,0.0847,0.0655,105.328,0pCHzhuRt6kOU3FUEG3HnC,spotify:track:0pCHzhuRt6kOU3FUEG3HnC,442693,4,classic
12,0.0783,0.0523,5,-23.247,1,0.0471,0.896,0.945,0.0806,0.0327,82.015,0cqcRqZgkNHanWQ8slYA0v,spotify:track:0cqcRqZgkNHanWQ8slYA0v,583293,4,classic
13,0.0811,0.0122,4,-32.654,0,0.0511,0.902,0.308,0.0648,0.0384,74.554,2kAgCRZPG3YQR2VMqRvLmb,spotify:track:2kAgCRZPG3YQR2VMqRvLmb,935360,4,classic
14,0.353,0.254,0,-16.205,1,0.0349,0.948,0.859,0.0843,0.0986,133.808,3QqPgzOcv9titKufFR0gsQ,spotify:track:3QqPgzOcv9titKufFR0gsQ,564640,4,classic
15,0.194,0.0545,4,-24.877,1,0.0366,0.983,0.945,0.0551,0.0385,140.966,4rrrn8OLrttq7r9RgNXalU,spotify:track:4rrrn8OLrttq7r9RgNXalU,644273,4,classic
16,0.253,0.098,11,-19.878,0,0.0437,0.93,0.862,0.122,0.062,84.865,0k6P9cdEA9K3k0ASde2Kof,spotify:track:0k6P9cdEA9K3k0ASde2Kof,640267,4,classic
17,0.205,0.0525,1,-23.841,1,0.0327,0.98,0.906,0.103,0.0511,88.316,419qlOGNXoyICx4jO0hqaj,spotify:track:419qlOGNXoyICx4jO0hqaj,174653,4,classic
18,0.184,0.00527,1,-37.264,0,0.0432,0.995,0.887,0.173,0.151,170.612,3DNRdudZ2SstnDCVKFdXxG,spotify:track:3DNRdudZ2SstnDCVKFdXxG,315427,3,classic
19,0.235,0.0639,11,-24.404,0,0.049,0.962,0.603,0.466,0.0781,120.736,04eShjKTWijeJJqGnhxpYK,spotify:track:04eShjKTWijeJJqGnhxpYK,200360,3,classic
20,0.148,0.0722,4,-25.217,0,0.0427,0.944,0.148,0.115,0.0467,87.882,5pjDwtMPly0cNMbuGXhUOI,spotify:track:5pjDwtMPly0cNMbuGXhUOI,478573,4,classic
21,0.312,0.0465,9,-26.438,0,0.0378,0.981,0.9,0.0872,0.0371,130.303,0QTaXZRWdzfPdssiQThdCL,spotify:track:0QTaXZRWdzfPdssiQThdCL,766213,3,classic
22,0.341,0.0142,2,-28.293,1,0.0388,0.993,0.921,0.113,0.0384,76.382,3GecLjGMqzjmgkvy2v41Wf,spotify:track:3GecLjGMqzjmgkvy2v41Wf,357747,1,classic
23,0.279,0.0292,8,-26.804,1,0.0406,0.987,0.902,0.104,0.0338,136.732,2u9VGZmVz7Rm01SfDgzcfA,spotify:track:2u9VGZmVz7Rm01SfDgzcfA,293147,3,classic
24,0.113,0.161,7,-20.046,1,0.0442,0.484,0.928,0.16,0.0365,65.062,3af6PvJHP8XlFMWeuN7bF8,spotify:track:3af6PvJHP8XlFMWeuN7bF8,337840,4,classic
25,0.0623,0.0116,2,-27.893,1,0.0567,0.991,0.445,0.0816,0.0331,65.057,0S0YKiEdR9cT9pYgEaTevF,spotify:track:0S0YKiEdR9cT9pYgEaTevF,415800,3,classic
26,0.701,0.341,1,-12.26,0,0.0418,0.499,0.903,0.359,0.163,105.513,5xbuJuQsTVheVZvX2AJVIv,spotify:track:5xbuJuQsTVheVZvX2AJVIv,151507,3,classic
27,0.21,0.101,0,-19.383,1,0.0403,0.927,0.902,0.0776,0.153,86.314,7HSs4srn1qnZhh7WRWBVOk,spotify:track:7HSs4srn1qnZhh7WRWBVOk,341693,4,classic
28,0.302,0.119,9,-18.059,0,0.0386,0.975,0.887,0.11,0.0381,94.4,2Z4aQJh0kesRMookvtfR4y,spotify:track:2Z4aQJh0kesRMookvtfR4y,820853,4,classic
29,0.102,0.0733,10,-24.133,0,0.0488,0.974,0.859,0.28,0.0308,73.954,1CSaCKPIp2yCIDL3t7Fyau,spotify:track:1CSaCKPIp2yCIDL3t7Fyau,537427,3,classic
30,0.165,0.106,8,-21.742,1,0.039,0.807,0.782,0.105,0.0336,105.651,2nVt0n0aSj3AwZjakMvDHX,spotify:track:2nVt0n0aSj3AwZjakMvDHX,592040,3,classic
31,0.292,0.246,2,-14.96,1,0.0385,0.922,0.525,0.107,0.0859,109.766,4Dcm4KMuDz0l01weeSpD4J,spotify:track:4Dcm4KMuDz0l01weeSpD4J,642573,4,classic
32,0.327,0.332,7,-12.971,0,0.0404,0.877,0.751,0.129,0.285,118.85,2fC30Rt5tFa6FA2jNb4fiz,spotify:track:2fC30Rt5tFa6FA2jNb4fiz,435160,4,classic
33,0.115,0.0422,8,-24.137,1,0.0404,0.966,0.919,0.0896,0.037,87.855,4QfYHdV8hMoyS9qKUct98q,spotify:track:4QfYHdV8hMoyS9qKUct98q,455467,3,classic
34,0.491,0.0176,4,-26.911,0,0.0644,0.994,0.927,0.0985,0.0901,125.793,3MRQn2RYo2VLYMoStnLRxu,spotify:track:3MRQn2RYo2VLYMoStnLRxu,346587,3,classic
35,0.25,0.135,9,-18.615,1,0.0488,0.958,0.0349,0.0477,0.179,94.404,0xX7kREWmOGBWzYNcpZwRN,spotify:track:0xX7kREWmOGBWzYNcpZwRN,364093,4,classic
36,0.212,0.119,1,-20.511,1,0.0366,0.976,0.907,0.087,0.0396,84.346,1Xy6MHSaX3IUGGqst6RzYM,spotify:track:1Xy6MHSaX3IUGGqst6RzYM,1252322,3,classic
37,0.176,0.006,5,-42.238,1,0.0384,0.899,3.24e-05,0.105,0.0383,71.477,4wudbbceOZKjRlhTtbHvAs,spotify:track:4wudbbceOZKjRlhTtbHvAs,636000,3,classic
38,0.1,0.0354,11,-17.211,0,0.0387,0.901,0.865,0.125,0.0426,73.968,52GmHO5DikTIKc3yBmTTT1,spotify:track:52GmHO5DikTIKc3yBmTTT1,906000,4,classic
39,0.351,0.206,1,-22.657,1,0.0597,0.797,0.255,0.0738,0.0839,130.415,2OHnoGjn6X6kDwzO7Rw0Y9,spotify:track:2OHnoGjn6X6kDwzO7Rw0Y9,577440,4,classic
40,0.299,0.00626,9,-30.923,1,0.0478,0.994,0.901,0.0823,0.0634,69.043,1Oo7XEqkrwifJn17aA0ocF,spotify:track:1Oo7XEqkrwifJn17aA0ocF,378733,4,classic
41,0.191,0.0363,3,-25.31,1,0.0409,0.991,0.924,0.141,0.0372,69.754,5Zf5prtvv7KRQ1J6kNn4C6,spotify:track:5Zf5prtvv7KRQ1J6kNn4C6,330293,4,classic
42,0.225,0.0047,1,-30.928,0,0.0509,0.992,0.881,0.0722,0.186,163.665,2MSgFefjK0T7Iwjvr3OKqV,spotify:track:2MSgFefjK0T7Iwjvr3OKqV,259493,4,classic
43,0.322,0.14,4,-20.747,1,0.0489,0.906,0.759,0.125,0.285,92.122,4dGkPPLnIdVgogqpyaAjbc,spotify:track:4dGkPPLnIdVgogqpyaAjbc,425000,4,classic
44,0.212,0.301,2,-12.505,1,0.0384,0.963,0.0033,0.13,0.0798,84.025,74WjYdm3Lvbwnds4thYPUU,spotify:track:74WjYdm3Lvbwnds4thYPUU,177333,4,classic
45,0.436,0.151,11,-20.745,0,0.0603,0.955,0.793,0.11,0.359,103.777,3VQ7hwiEfaHDl3AySgyaiR,spotify:track:3VQ7hwiEfaHDl3AySgyaiR,153267,4,classic
46,0.465,0.128,9,-17.628,0,0.0519,0.978,0.271,0.0423,0.428,111.471,6cC6h5E351deEGFd7Kh9uy,spotify:track:6cC6h5E351deEGFd7Kh9uy,268853,4,classic
47,0.37,0.0076,4,-33.663,1,0.0384,0.995,0.91,0.0864,0.278,62.668,3NbAsIxDL0fVgNuCLD152P,spotify:track:3NbAsIxDL0fVgNuCLD152P,176518,4,classic
48,0.31,0.0555,7,-25.695,1,0.0395,0.994,0.906,0.121,0.566,70.515,1ENZ1YHuOp5MMFJlWBQ6V7,spotify:track:1ENZ1YHuOp5MMFJlWBQ6V7,140040,4,classic
49,0.224,0.0291,7,-26.167,1,0.0455,0.959,0.845,0.106,0.0538,121.131,2ceu417OdiSxzR3K7B1n2M,spotify:track:2ceu417OdiSxzR3K7B1n2M,1215573,4,classic
50,0.101,0.0241,11,-30.172,0,0.0485,0.947,0.847,0.0693,0.0329,87.14,1MiWGSGDC5mGoP3MNclZ7s,spotify:track:1MiWGSGDC5mGoP3MNclZ7s,208587,3,classic
51,0.296,0.00896,7,-31.948,0,0.0394,0.994,0.91,0.0815,0.0673,69.44,43bSKCMWHIuBsUVmQcDX1J,spotify:track:43bSKCMWHIuBsUVmQcDX1J,257000,3,classic
52,0.212,0.0517,2,-24.467,1,0.0525,0.928,0.639,0.112,0.152,185.678,3Rw0Rg4LjlYnuxIyioW3vg,spotify:track:3Rw0Rg4LjlYnuxIyioW3vg,397640,3,classic
53,0.116,0.0694,0,-23.624,1,0.0497,0.969,0.644,0.109,0.0377,169.789,6VDHdry8ytOL2WWbePDxSD,spotify:track:6VDHdry8ytOL2WWbePDxSD,195333,4,classic
54,0.48,0.163,5,-19.117,0,0.0645,0.81,0.754,0.093,0.212,158.366,64ZxBE1ZgK4C0lGljXzDcG,spotify:track:64ZxBE1ZgK4C0lGljXzDcG,204147,4,classic
55,0.218,0.117,0,-18.585,1,0.0489,0.94,0.861,0.15,0.0599,77.009,0w4LgJ5G1Xz5jLS3HX8oyq,spotify:track:0w4LgJ5G1Xz5jLS3HX8oyq,1050893,4,classic
56,0.309,0.258,9,-15.327,1,0.0459,0.976,0.69,0.0924,0.115,74.568,0yzhOPf0iw2qWwcXRRta5L,spotify:track:0yzhOPf0iw2qWwcXRRta5L,890000,4,classic
57,0.193,0.0839,8,-22.849,1,0.0406,0.971,0.822,0.118,0.0569,85.556,6kg7bfwsTKzRqnBGGv4VqR,spotify:track:6kg7bfwsTKzRqnBGGv4VqR,580253,4,classic
58,0.164,0.0194,3,-34.126,1,0.0434,0.938,0.859,0.0939,0.0581,101.708,0oIQl9tFpCiKBRavEIIGzo,spotify:track:0oIQl9tFpCiKBRavEIIGzo,233400,3,classic
59,0.241,0.122,7,-22.411,1,0.0497,0.925,0.66,0.126,0.187,66.325,7uf3aFC1msj0t5cYImgOWy,spotify:track:7uf3aFC1msj0t5cYImgOWy,209373,4,classic
60,0.248,0.298,0,-15.661,0,0.0395,0.957,0.9,0.0943,0.157,97.853,6cUCckpdlqHJ5Ascf2uH2A,spotify:track:6cUCckpdlqHJ5Ascf2uH2A,442000,4,classic
61,0.166,0.0363,11,-26.822,1,0.0381,0.978,0.922,0.0882,0.039,84.467,76wXMaJVSr0nSsKsSdwAiu,spotify:track:76wXMaJVSr0nSsKsSdwAiu,473787,4,classic
62,0.0891,0.341,10,-12.681,0,0.046,0.145,0.836,0.111,0.0334,85.231,5DFUsGW4Cmltv8Spd0u1aV,spotify:track:5DFUsGW4Cmltv8Spd0u1aV,371747,3,classic
63,0.24,0.0648,4,-25.208,0,0.0426,0.935,0.0272,0.258,0.0771,95.286,58Q96yWnuBqlKEGd2vGyAg,spotify:track:58Q96yWnuBqlKEGd2vGyAg,423107,3,classic
64,0.359,0.046,6,-18.725,0,0.0407,0.901,0.118,0.277,0.263,127.653,5d6FOGCa0EDqCJSpccEh8s,spotify:track:5d6FOGCa0EDqCJSpccEh8s,152160,4,classic
65,0.12,0.138,10,-15.538,1,0.048,0.994,0.686,0.11,0.043,67.894,4GnVpbnWjHFrpXjAcPHvqM,spotify:track:4GnVpbnWjHFrpXjAcPHvqM,256573,4,classic
66,0.463,0.162,7,-24.484,0,0.045,0.963,0.825,0.0943,0.374,125.514,7dchPojQcmY6eMBFJAo64i,spotify:track:7dchPojQcmY6eMBFJAo64i,359667,4,classic
67,0.436,0.00518,7,-36.593,1,0.067,0.995,0.932,0.0788,0.275,135.286,1aTpzY2ggWHhPi8p2f56u1,spotify:track:1aTpzY2ggWHhPi8p2f56u1,224133,5,classic
68,0.231,0.133,2,-20.274,1,0.0437,0.963,0.659,0.135,0.0564,122.239,0neipEnwEzyd66aUqUsg5P,spotify:track:0neipEnwEzyd66aUqUsg5P,942000,4,classic
69,0.367,0.316,9,-14.49,0,0.0429,0.927,0.779,0.113,0.242,149.089,0mcgXc8P5GyGtP9aY7zir6,spotify:track:0mcgXc8P5GyGtP9aY7zir6,273562,4,classic
70,0.096,0.0325,8,-24.978,1,0.0416,0.977,0.852,0.0738,0.035,87.85,5Wj90oTRAxvTUivep2HlUu,spotify:track:5Wj90oTRAxvTUivep2HlUu,572520,4,classic
71,0.356,0.152,4,-20.155,1,0.0406,0.981,0.903,0.0807,0.04,132.413,1dFVnX4mJTnWubAPE8S3OR,spotify:track:1dFVnX4mJTnWubAPE8S3OR,662600,4,classic
72,0.154,0.00261,1,-36.267,1,0.0419,0.89,0.763,0.125,0.0366,83.549,3jLcwFns5S9OYQojN8XAkJ,spotify:track:3jLcwFns5S9OYQojN8XAkJ,775307,4,classic
73,0.339,0.0588,10,-17.647,0,0.0373,0.984,0.862,0.12,0.198,105.916,5bVlEvO3SadcOyh6rnWW4P,spotify:track:5bVlEvO3SadcOyh6rnWW4P,277148,4,classic
74,0.458,0.11,9,-22.234,0,0.0309,0.977,0.903,0.359,0.481,83.43,4fDodwdZ1LBDL2I2WCnUMY,spotify:track:4fDodwdZ1LBDL2I2WCnUMY,84267,4,classic
75,0.144,0.0868,8,-23.338,1,0.0387,0.891,0.904,0.177,0.0737,94.463,7xGcLLeK1de0I71lH28DeM,spotify:track:7xGcLLeK1de0I71lH28DeM,482000,3,classic
76,0.352,0.235,2,-16.235,1,0.0398,0.894,0.675,0.396,0.329,109.16,72jIJDADnBLJKXV2yxv5N0,spotify:track:72jIJDADnBLJKXV2yxv5N0,626240,1,classic
77,0.377,0.173,9,-21.377,1,0.0329,0.991,0.909,0.103,0.558,132.187,5i7bLnNE0R3m1MNUY7UsqT,spotify:track:5i7bLnNE0R3m1MNUY7UsqT,500500,4,classic
78,0.496,0.249,3,-18.131,1,0.0411,0.98,0.934,0.12,0.719,144.239,246ntJR3A2s7B5E40FTCLf,spotify:track:246ntJR3A2s7B5E40FTCLf,224640,4,classic
79,0.357,0.0464,8,-20.868,1,0.0434,0.992,0.859,0.109,0.0417,69.859,5U7T2widXE5MqoQ6dmi3O9,spotify:track:5U7T2widXE5MqoQ6dmi3O9,239333,3,classic
80,0.0,0.0842,9,-19.397,1,0.0,0.755,0.889,0.262,0.0,0.0,3sAYxq1986j3ydqLv6jwUJ,spotify:track:3sAYxq1986j3ydqLv6jwUJ,432533,0,classic
81,0.0716,0.0408,7,-28.284,1,0.0399,0.851,0.901,0.0844,0.0377,77.047,2dEbRirkEtImY7HdYxrgRS,spotify:track:2dEbRirkEtImY7HdYxrgRS,349760,4,classic
82,0.302,0.0355,0,-24.074,1,0.0363,0.932,0.304,0.043,0.186,115.104,408VC5UfnAh3Uhl0RQpbkA,spotify:track:408VC5UfnAh3Uhl0RQpbkA,716933,4,classic
83,0.411,0.0487,10,-25.68,1,0.0383,0.985,0.918,0.0944,0.101,128.859,2TB6PQkgnw9rrFRK4VOOrC,spotify:track:2TB6PQkgnw9rrFRK4VOOrC,248933,1,classic
84,0.278,0.151,4,-19.607,0,0.042,0.917,0.122,0.273,0.167,99.212,2mPd1593fOWtbSGqA0VVcS,spotify:track:2mPd1593fOWtbSGqA0VVcS,730667,4,classic
85,0.0999,0.0241,2,-25.651,1,0.0432,0.98,0.766,0.0623,0.0396,89.001,63cA2QfqtWZa0GGPZnYc0K,spotify:track:63cA2QfqtWZa0GGPZnYc0K,532040,3,classic
86,0.0754,0.0102,4,-35.69,1,0.0464,0.901,0.106,0.0817,0.0331,81.324,5CfxpBCYwfB17MMgARumHl,spotify:track:5CfxpBCYwfB17MMgARumHl,462162,4,classic
87,0.156,0.00709,7,-34.153,0,0.0382,0.941,0.799,0.0986,0.041,97.925,5eQKtxGSPvl9NEPXAuzzTJ,spotify:track:5eQKtxGSPvl9NEPXAuzzTJ,191160,3,classic
88,0.169,0.0974,3,-21.414,1,0.042,0.864,0.632,0.087,0.0524,170.379,3uLsZpdHrJsR9AjrrxMI66,spotify:track:3uLsZpdHrJsR9AjrrxMI66,473893,5,classic
89,0.203,0.0641,5,-27.51,1,0.0529,0.972,0.94,0.101,0.0978,73.105,6GDuB7BvASYD9JePYvOEX1,spotify:track:6GDuB7BvASYD9JePYvOEX1,410160,3,classic
90,0.484,0.192,2,-15.378,1,0.0465,0.991,0.908,0.106,0.0559,100.084,4O2N861eOnF9q8EtpH8IJu,spotify:track:4O2N861eOnF9q8EtpH8IJu,140733,4,classic
91,0.186,0.124,1,-15.271,1,0.0434,0.978,0.865,0.111,0.248,77.903,6vS8JCT9WqTFeAuu8smjRF,spotify:track:6vS8JCT9WqTFeAuu8smjRF,183267,4,classic
92,0.203,0.112,11,-18.029,0,0.0418,0.936,0.935,0.126,0.0374,72.483,6zcP5A5Xv6bvCUpwXrswKa,spotify:track:6zcP5A5Xv6bvCUpwXrswKa,106960,4,classic
93,0.093,0.0249,4,-20.74,0,0.0463,0.513,0.805,0.0831,0.0365,79.369,4EcOBeGY1r0j26Z8FJ1nVZ,spotify:track:4EcOBeGY1r0j26Z8FJ1nVZ,302987,3,classic
94,0.156,0.0978,5,-16.326,1,0.0371,0.976,0.893,0.0854,0.0638,179.447,7vJhOBgOkXyEJvw1vsU6HB,spotify:track:7vJhOBgOkXyEJvw1vsU6HB,703720,3,classic
95,0.364,0.0592,2,-21.757,1,0.057,0.978,0.0,0.0823,0.185,123.789,3pzBD8BVdrv7VJ7glRYshl,spotify:track:3pzBD8BVdrv7VJ7glRYshl,275467,4,classic
96,0.343,0.0209,8,-27.015,1,0.0398,0.987,0.922,0.126,0.0393,125.242,1M2RkUUJ9wXRsW3jN1MCHS,spotify:track:1M2RkUUJ9wXRsW3jN1MCHS,497773,3,classic
97,0.173,0.182,3,-18.848,1,0.0437,0.886,0.894,0.224,0.0781,70.831,6mhQ7eOHaV0ur2ooKTavW1,spotify:track:6mhQ7eOHaV0ur2ooKTavW1,905667,4,classic
98,0.193,0.0656,10,-19.239,1,0.0471,0.995,0.829,0.119,0.0359,128.975,46tPGzCXCI2oKsemztDA9u,spotify:track:46tPGzCXCI2oKsemztDA9u,402493,3,classic
99,0.384,0.0414,11,-23.019,0,0.0378,0.992,0.897,0.0684,0.0618,71.224,5Pl2CXDkaP6WEnJ0bpKGOm,spotify:track:5Pl2CXDkaP6WEnJ0bpKGOm,326520,4,classic
100,0.099,0.0567,1,-20.712,1,0.0398,0.96,0.81,0.104,0.0456,82.744,3Ii2KG3YLrC0KNbuJKAFj2,spotify:track:3Ii2KG3YLrC0KNbuJKAFj2,170400,4,classic
101,0.219,0.154,11,-18.17,0,0.0389,0.841,0.855,0.164,0.108,123.625,3Hcn3NlLeDU4uQf0qJaaMt,spotify:track:3Hcn3NlLeDU4uQf0qJaaMt,616187,4,classic
102,0.223,0.227,0,-17.695,1,0.0343,0.871,0.891,0.063,0.127,103.618,0XSRBlP49MgzBCYtGK2NYE,spotify:track:0XSRBlP49MgzBCYtGK2NYE,469053,4,classic
103,0.177,0.127,8,-19.167,1,0.0394,0.903,0.901,0.114,0.0612,149.698,6HknRM996YMa7VSBFYlnPJ,spotify:track:6HknRM996YMa7VSBFYlnPJ,485667,4,classic
104,0.366,0.0433,4,-30.56,1,0.0416,0.99,0.903,0.085,0.356,88.452,7FTzC8srNaQ0fTNOCyPeib,spotify:track:7FTzC8srNaQ0fTNOCyPeib,204007,4,classic
105,0.0989,0.0176,1,-30.951,1,0.042,0.978,0.651,0.0763,0.0351,89.327,3gEyQ5y2NvIaqfTG4VU98n,spotify:track:3gEyQ5y2NvIaqfTG4VU98n,272440,3,classic
106,0.251,0.0657,4,-20.757,0,0.0449,0.66,0.845,0.114,0.15,133.095,6oaSX9Q0uZi8x6DttspP5D,spotify:track:6oaSX9Q0uZi8x6DttspP5D,250253,3,classic
107,0.339,0.0937,2,-20.267,1,0.0394,0.931,0.293,0.252,0.458,123.048,0qFZYO72iBOhW7X6KbL44Q,spotify:track:0qFZYO72iBOhW7X6KbL44Q,167640,3,classic
108,0.119,0.031,2,-31.179,1,0.0483,0.964,0.165,0.111,0.0388,88.858,123zFAGx0F5ScgrLrCWGDX,spotify:track:123zFAGx0F5ScgrLrCWGDX,156573,4,classic
109,0.23,0.2,10,-18.457,1,0.0404,0.931,0.934,0.0855,0.185,103.923,18ZnvEB9bxLnvSogWRek79,spotify:track:18ZnvEB9bxLnvSogWRek79,204373,4,classic
110,0.0781,0.0462,0,-23.246,0,0.0365,0.559,0.863,0.188,0.0343,81.291,7bvuOKIFqMyRSkLozmaoRg,spotify:track:7bvuOKIFqMyRSkLozmaoRg,708933,4,classic
111,0.132,0.195,5,-16.485,1,0.0451,0.558,0.406,0.108,0.0492,163.425,29ym283kpgDLDvpHkBFmFN,spotify:track:29ym283kpgDLDvpHkBFmFN,176547,4,classic
112,0.201,0.0113,8,-37.468,1,0.0447,0.971,0.000853,0.0678,0.0387,128.673,3U34uG4BRoMb0lrlrOhtxC,spotify:track:3U34uG4BRoMb0lrlrOhtxC,201000,1,classic
113,0.176,0.132,1,-16.932,1,0.0408,0.953,0.586,0.0886,0.0835,74.287,7x5ULIYm82gnWvhYCXfzyj,spotify:track:7x5ULIYm82gnWvhYCXfzyj,119627,4,classic
114,0.0987,0.0949,1,-21.002,1,0.0441,0.993,0.353,0.0847,0.0363,174.606,0URENFI2Nk9oVMdhz4SQKM,spotify:track:0URENFI2Nk9oVMdhz4SQKM,232667,4,classic
115,0.625,0.351,10,-15.884,1,0.0423,0.878,0.938,0.0569,0.794,116.961,1bTXAKwE2Hztv13xTAhMQB,spotify:track:1bTXAKwE2Hztv13xTAhMQB,191493,4,classic
116,0.441,0.176,7,-15.719,0,0.0376,0.989,0.888,0.108,0.325,79.599,1opln0FV3xQdUJxt9bWhgB,spotify:track:1opln0FV3xQdUJxt9bWhgB,461000,4,classic
117,0.39,0.0462,0,-24.885,1,0.0429,0.976,0.624,0.0893,0.305,79.268,2z7iDr3N4NbW4VmwpQWbTS,spotify:track:2z7iDr3N4NbW4VmwpQWbTS,307893,4,classic
118,0.262,0.107,4,-17.973,1,0.0448,0.959,0.463,0.195,0.136,76.65,2Cc5z5swQrDqZiyCkZ0TnF,spotify:track:2Cc5z5swQrDqZiyCkZ0TnF,147040,4,classic
119,0.354,0.208,10,-17.761,1,0.0388,0.948,0.918,0.0802,0.327,148.049,1SHixA41Vy0TTlJJSX9Gbo,spotify:track:1SHixA41Vy0TTlJJSX9Gbo,431787,4,classic
120,0.235,0.166,5,-19.632,1,0.0347,0.992,0.87,0.101,0.0356,101.182,5bi8ryL6gy6a1BRXOf43y9,spotify:track:5bi8ryL6gy6a1BRXOf43y9,295560,4,classic
121,0.461,0.175,2,-17.217,1,0.037,0.848,0.762,0.0985,0.358,73.559,4TYZpMB5tGOdlMmnS2pB2m,spotify:track:4TYZpMB5tGOdlMmnS2pB2m,381467,4,classic
122,0.38,0.254,2,-24.967,1,0.0365,0.992,0.926,0.117,0.805,101.1,0nrCOJpS3gpwLvoANVZEeJ,spotify:track:0nrCOJpS3gpwLvoANVZEeJ,206427,4,classic
123,0.164,0.0185,3,-30.778,0,0.0412,0.988,0.888,0.0801,0.078,86.65,5a0nC0tGDJBpGMZu3PeekY,spotify:track:5a0nC0tGDJBpGMZu3PeekY,157067,4,classic
124,0.453,0.00715,5,-33.859,1,0.0709,0.995,0.931,0.0647,0.257,135.407,50VVlZROGaROAwNqAMxA6B,spotify:track:50VVlZROGaROAwNqAMxA6B,186200,3,classic
125,0.0704,0.0657,8,-19.466,1,0.0387,0.948,0.874,0.108,0.0361,61.017,36ArELybUeOgq9TCjrMsIb,spotify:track:36ArELybUeOgq9TCjrMsIb,1150160,4,classic
126,0.0667,0.047,9,-25.426,1,0.0425,0.928,0.9,0.0652,0.0281,75.446,2x6mect1PKsrxXmsg2O23B,spotify:track:2x6mect1PKsrxXmsg2O23B,596000,4,classic
127,0.354,0.0179,1,-24.846,1,0.0385,0.982,0.906,0.0831,0.0381,61.202,1EGFCxKCQ3isMnlPzEW8G1,spotify:track:1EGFCxKCQ3isMnlPzEW8G1,334053,4,classic
128,0.59,0.00399,7,-36.497,1,0.242,0.996,0.946,0.0683,0.182,74.381,7kTVe6XhIveidvkt8nb7jK,spotify:track:7kTVe6XhIveidvkt8nb7jK,219760,3,classic
129,0.441,0.319,3,-13.99,1,0.0392,0.829,0.0,0.0765,0.671,99.419,3nxaPqAOxUxkLhIhbvmv4t,spotify:track:3nxaPqAOxUxkLhIhbvmv4t,453507,4,classic
130,0.237,0.0606,7,-22.569,1,0.0374,0.91,0.939,0.131,0.256,136.284,07xafomqQcYmFJbr4jpfHa,spotify:track:07xafomqQcYmFJbr4jpfHa,179893,4,classic
131,0.375,0.121,0,-23.44,1,0.0406,0.984,0.871,0.0984,0.453,147.398,0Gh45IbIKOG9IucFfrZqLT,spotify:track:0Gh45IbIKOG9IucFfrZqLT,424307,4,classic
132,0.102,0.0259,8,-30.196,0,0.0444,0.964,0.864,0.0972,0.0319,90.128,1oMtwEc8xjDTNarCsMlI8B,spotify:track:1oMtwEc8xjDTNarCsMlI8B,644333,4,classic
133,0.444,0.116,4,-23.172,0,0.041,0.977,0.868,0.0862,0.512,150.319,06am46cX3Z6YlSsg0TyVHA,spotify:track:06am46cX3Z6YlSsg0TyVHA,145613,4,classic
134,0.106,0.227,3,-15.286,1,0.0462,0.877,0.738,0.112,0.0391,59.94,1t4F79zRBJTwZAzmbO1LI0,spotify:track:1t4F79zRBJTwZAzmbO1LI0,530280,4,classic
135,0.159,0.0401,7,-27.516,1,0.0446,0.984,0.76,0.156,0.106,106.239,67TCAXIe154ZGDNaWceqxC,spotify:track:67TCAXIe154ZGDNaWceqxC,462627,4,classic
136,0.548,0.208,1,-21.278,1,0.0421,0.764,0.22,0.0929,0.79,144.352,4ZP3UMVksKg07IeeAjHkEy,spotify:track:4ZP3UMVksKg07IeeAjHkEy,230507,3,classic
137,0.0874,0.0474,4,-23.13,0,0.0532,0.924,0.768,0.149,0.0331,72.393,7wvy3ROg2vEJyWgjDvMD8m,spotify:track:7wvy3ROg2vEJyWgjDvMD8m,236827,3,classic
138,0.191,0.0946,10,-25.59,1,0.037,0.99,0.933,0.101,0.348,111.21,1Q9JMojxHHF6JbEJAKJLgj,spotify:track:1Q9JMojxHHF6JbEJAKJLgj,100347,4,classic
139,0.36,0.196,6,-13.706,1,0.037,0.961,6.05e-06,0.0911,0.401,118.233,30CNRidKfNGwImhmvHpUS0,spotify:track:30CNRidKfNGwImhmvHpUS0,143573,5,classic
140,0.129,0.00212,7,-43.738,0,0.0417,0.866,0.662,0.082,0.039,99.253,1CDEWKmyRTPWWa7uIKVSU4,spotify:track:1CDEWKmyRTPWWa7uIKVSU4,208067,3,classic
141,0.123,0.225,4,-16.798,1,0.0351,0.73,0.509,0.0658,0.055,78.132,0mTUTkFQ2MxmUHFL8EdfeR,spotify:track:0mTUTkFQ2MxmUHFL8EdfeR,192453,3,classic
142,0.11,0.128,2,-21.281,1,0.0458,0.979,0.871,0.368,0.0398,81.059,0iEIVX3DPGPX3ESUEXNsQv,spotify:track:0iEIVX3DPGPX3ESUEXNsQv,649200,3,classic
143,0.194,0.101,11,-21.772,1,0.048,0.931,0.714,0.221,0.074,91.74,5UUNrbwbYIkNshq22NNKrX,spotify:track:5UUNrbwbYIkNshq22NNKrX,266733,3,classic
144,0.24,0.0834,6,-29.545,0,0.0499,0.978,0.944,0.0804,0.188,169.621,4VVEfBXep7FdOt524jkfLF,spotify:track:4VVEfBXep7FdOt524jkfLF,159320,4,classic
145,0.405,0.318,9,-17.14,1,0.0565,0.938,0.723,0.284,0.342,151.434,7hOLwSaTSkrqxSMzj4bXI1,spotify:track:7hOLwSaTSkrqxSMzj4bXI1,424653,4,classic
146,0.291,0.0981,8,-23.156,1,0.0398,0.95,0.865,0.275,0.194,138.168,1uARLLfeQPlBf1jSN4P0yK,spotify:track:1uARLLfeQPlBf1jSN4P0yK,249640,4,classic
147,0.0992,0.226,9,-14.84,0,0.0339,0.937,0.903,0.183,0.0605,79.518,53ann6bENp7BF8uklrzQAp,spotify:track:53ann6bENp7BF8uklrzQAp,256493,4,classic
0,0.159,0.0397,7,-23.837,1,0.0453,0.964,0.847,0.119,0.0749,92.65,5EGQC8qSbx5xQD8dlat1R3,spotify:track:5EGQC8qSbx5xQD8dlat1R3,219693,4,classic
1,0.235,0.0231,1,-25.674,1,0.0407,0.984,0.935,0.125,0.0393,69.217,3PkHY26Ua6b4excwJF4BJV,spotify:track:3PkHY26Ua6b4excwJF4BJV,389166,3,classic
2,0.218,0.0152,4,-26.712,0,0.0398,0.825,0.111,0.0977,0.0397,138.911,55y9ce2JfstanLCafsrtwx,spotify:track:55y9ce2JfstanLCafsrtwx,530549,4,classic
3,0.253,0.0195,2,-30.795,0,0.0415,0.991,0.884,0.0702,0.162,70.553,2MtA39EOxz5Cv2ub9HPatZ,spotify:track:2MtA39EOxz5Cv2ub9HPatZ,178253,4,classic
4,0.215,0.00635,6,-28.122,0,0.0414,0.983,0.875,0.0993,0.114,66.989,7A5dYneDw3MosZYSGSkMzC,spotify:track:7A5dYneDw3MosZYSGSkMzC,259353,3,classic
5,0.266,0.159,7,-15.799,1,0.0428,0.909,0.28,0.0824,0.0384,123.158,4QpXL7upDeUJDkqtJGWaiK,spotify:track:4QpXL7upDeUJDkqtJGWaiK,489067,4,classic
6,0.29,0.492,7,-9.284,0,0.0377,0.369,0.811,0.0951,0.318,108.264,49C2DoPRXGGyjcE1hC3iOB,spotify:track:49C2DoPRXGGyjcE1hC3iOB,198140,4,classic
7,0.222,0.015,10,-30.656,1,0.0407,0.977,0.89,0.106,0.0665,113.881,1qopbkJ8dow2t6XobK0YUm,spotify:track:1qopbkJ8dow2t6XobK0YUm,198040,4,classic
8,0.443,0.295,9,-17.8,1,0.0687,0.992,0.791,0.0818,0.886,123.299,7LqCLnxc1uZAjnZ9IIXnrx,spotify:track:7LqCLnxc1uZAjnZ9IIXnrx,226000,3,classic
9,0.18,0.085,2,-23.656,0,0.0444,0.989,0.781,0.285,0.0315,129.205,4Dk0dJr22QiEYfcDIMlx7K,spotify:track:4Dk0dJr22QiEYfcDIMlx7K,358493,4,classic
10,0.231,0.0228,0,-28.158,1,0.0459,0.987,0.82,0.0724,0.0315,79.953,5eSsPO2yhnH3wONeMmemOW,spotify:track:5eSsPO2yhnH3wONeMmemOW,204133,3,classic
11,0.258,0.0776,9,-21.689,0,0.0423,0.98,0.92,0.11,0.052,87.679,3O1H0oDx8ie3oGfpkh7vjl,spotify:track:3O1H0oDx8ie3oGfpkh7vjl,311400,4,classic
12,0.445,0.287,8,-20.439,1,0.0386,0.98,0.896,0.105,0.113,177.018,6N5jV5NGoYLeGRaY6FgWXQ,spotify:track:6N5jV5NGoYLeGRaY6FgWXQ,247797,5,classic
13,0.123,0.00349,9,-27.803,0,0.0462,0.966,0.278,0.0918,0.0421,80.008,7F2hYeuIIfLrTg7FuAPjPz,spotify:track:7F2hYeuIIfLrTg7FuAPjPz,192101,3,classic
14,0.474,0.0981,6,-23.956,1,0.0333,0.994,0.933,0.113,0.168,116.69,5OjGCUApXFcYcDRkU0o9xJ,spotify:track:5OjGCUApXFcYcDRkU0o9xJ,193530,4,classic
15,0.0863,0.152,9,-19.425,0,0.0407,0.864,0.784,0.1,0.04,85.218,0rUBl0Fu9Dkzv7taNrFTqa,spotify:track:0rUBl0Fu9Dkzv7taNrFTqa,171360,3,classic
16,0.548,0.00027,4,-30.115,1,0.479,0.993,0.958,0.105,0.59,128.561,0W7s30iwtHTCrD7IYbJR9s,spotify:track:0W7s30iwtHTCrD7IYbJR9s,253027,3,classic
17,0.225,0.164,9,-16.979,0,0.035,0.863,0.908,0.0866,0.0704,127.497,6hIAiqwxWaqdCzm1KjxfGv,spotify:track:6hIAiqwxWaqdCzm1KjxfGv,364400,4,classic
18,0.289,0.144,4,-19.553,0,0.0375,0.491,0.91,0.117,0.0355,100.485,4kYkhUeED2IIkThEgO0FCr,spotify:track:4kYkhUeED2IIkThEgO0FCr,254227,4,classic
19,0.19,0.0694,7,-24.396,0,0.0425,0.93,0.924,0.133,0.0396,135.782,6lrvblfgaeeRu0LqsUVnLT,spotify:track:6lrvblfgaeeRu0LqsUVnLT,238467,3,classic
20,0.286,0.0967,2,-21.161,1,0.0476,0.973,0.000703,0.159,0.0383,85.791,39w9bKkkyPVLIJnelugtxt,spotify:track:39w9bKkkyPVLIJnelugtxt,333947,4,classic
21,0.292,0.0913,5,-24.63,0,0.041,0.966,0.913,0.108,0.0453,128.653,2PkUDZoUyP8pwLl0nBFjbN,spotify:track:2PkUDZoUyP8pwLl0nBFjbN,247680,4,classic
22,0.242,0.0692,1,-22.291,1,0.0489,0.992,0.943,0.179,0.129,75.834,6caHBsmN7MtREZyd0U48ez,spotify:track:6caHBsmN7MtREZyd0U48ez,288693,1,classic
23,0.261,0.719,11,-8.468,0,0.0486,0.0143,0.363,0.151,0.312,135.01,75yRQ1RE96bpNPhQvcOveR,spotify:track:75yRQ1RE96bpNPhQvcOveR,269765,4,classic
24,0.4,0.469,6,-10.939,1,0.0268,0.95,0.964,0.119,0.0782,104.691,14XzQtHoqRMUeQ9IL3Pe8W,spotify:track:14XzQtHoqRMUeQ9IL3Pe8W,274973,4,classic
25,0.181,0.0759,9,-23.548,1,0.0436,0.289,0.000203,0.0813,0.186,70.377,6dbBoV3voBJNqxNLFZos6k,spotify:track:6dbBoV3voBJNqxNLFZos6k,179360,4,classic
26,0.191,0.101,0,-22.547,0,0.0447,0.969,0.9,0.0975,0.039,125.081,3XQzq3w5v0lQmBJKnUjf7C,spotify:track:3XQzq3w5v0lQmBJKnUjf7C,123528,4,classic
27,0.308,0.0782,0,-26.162,0,0.0324,0.736,0.927,0.131,0.321,69.447,2Ly85Wssb6yAn3Oar2DPcR,spotify:track:2Ly85Wssb6yAn3Oar2DPcR,255000,3,classic
28,0.208,0.367,0,-12.204,1,0.0325,0.819,0.853,0.378,0.181,72.018,4EWj3ebv27k74KaaPJz4EH,spotify:track:4EWj3ebv27k74KaaPJz4EH,228107,4,classic
29,0.13,0.0284,0,-27.352,0,0.0556,0.981,0.882,0.0929,0.0397,87.756,0UWGbA96TH6Xt4B4z8cTQw,spotify:track:0UWGbA96TH6Xt4B4z8cTQw,318253,4,classic
30,0.221,0.07,10,-25.274,1,0.045,0.963,0.303,0.103,0.0713,137.817,1IxE73yoWurtokeYxuP7ST,spotify:track:1IxE73yoWurtokeYxuP7ST,129427,1,classic
31,0.199,0.0099,7,-32.823,0,0.0518,0.969,0.519,0.11,0.0366,131.129,6FdZa2ipXEDOd6Hw3wE3r6,spotify:track:6FdZa2ipXEDOd6Hw3wE3r6,122566,4,classic
32,0.413,0.0735,5,-23.502,0,0.0381,0.991,0.942,0.119,0.221,81.745,4HTaDLoZUOLdjWIHobafCm,spotify:track:4HTaDLoZUOLdjWIHobafCm,117110,4,classic
33,0.196,0.00654,10,-34.471,1,0.0379,0.994,0.523,0.0844,0.0419,68.75,34IAxN5PPbDiysmM2XmQKC,spotify:track:34IAxN5PPbDiysmM2XmQKC,176000,4,classic
34,0.493,0.0789,5,-25.529,1,0.0487,0.972,0.956,0.115,0.272,83.944,6llHEzajdGPNGtPrNTRLcC,spotify:track:6llHEzajdGPNGtPrNTRLcC,293840,4,classic
35,0.397,0.135,3,-18.38,1,0.0698,0.856,0.000469,0.0723,0.402,153.037,3dXKkr9qlWFPYPWs6uHpuh,spotify:track:3dXKkr9qlWFPYPWs6uHpuh,236680,4,classic
36,0.392,0.0237,0,-28.531,1,0.0345,0.989,0.93,0.111,0.251,86.882,30Jns0IXpHq5BogIAUefNd,spotify:track:30Jns0IXpHq5BogIAUefNd,117013,4,classic
37,0.36,0.0164,7,-24.277,1,0.0373,0.952,0.917,0.108,0.136,145.85,6pUNZUVQATDNzGS0fyJL9W,spotify:track:6pUNZUVQATDNzGS0fyJL9W,182805,3,classic
38,0.192,0.058,6,-21.949,1,0.0428,0.957,0.0371,0.145,0.0645,66.335,7mmS7rY6BseY9KoR0mxtXZ,spotify:track:7mmS7rY6BseY9KoR0mxtXZ,149440,3,classic
39,0.223,0.316,11,-18.413,0,0.0681,0.87,0.0877,0.114,0.052,121.786,4fnYMPPRqCjnQYH8HtKtEA,spotify:track:4fnYMPPRqCjnQYH8HtKtEA,517364,4,classic
40,0.136,0.0338,3,-26.036,1,0.0553,0.98,0.885,0.109,0.148,72.982,1wk4GXUHqfvHPuPksPzRVu,spotify:track:1wk4GXUHqfvHPuPksPzRVu,315800,4,classic
41,0.254,0.109,3,-23.999,0,0.0381,0.979,0.926,0.0944,0.163,134.864,7uMjPr19OfnavaITjFjTGs,spotify:track:7uMjPr19OfnavaITjFjTGs,207991,4,classic
42,0.0785,0.0337,2,-28.948,0,0.049,0.991,0.447,0.175,0.0434,76.122,1zNunHLBKURzDgWklRD4l5,spotify:track:1zNunHLBKURzDgWklRD4l5,255280,4,classic
43,0.337,0.209,2,-16.656,0,0.0314,0.935,0.865,0.111,0.14,89.158,4PGebnEUIwsygkPRC7sWND,spotify:track:4PGebnEUIwsygkPRC7sWND,185685,4,classic
44,0.15,0.069,2,-23.739,0,0.0527,0.977,0.0699,0.102,0.0329,77.174,407GzBeUFgGZS5kWfGo0Lw,spotify:track:407GzBeUFgGZS5kWfGo0Lw,565205,4,classic
45,0.543,0.123,5,-19.552,0,0.0469,0.984,0.923,0.124,0.159,91.626,5pPpugAQ53nI3nrAZv8zZq,spotify:track:5pPpugAQ53nI3nrAZv8zZq,202105,4,classic
46,0.559,0.00589,4,-32.498,0,0.0603,0.995,0.955,0.0915,0.224,75.729,4aOe4HCv9AqbTxoV7QfTe7,spotify:track:4aOe4HCv9AqbTxoV7QfTe7,97000,3,classic
47,0.315,0.0106,6,-31.428,0,0.0387,0.991,0.948,0.103,0.265,82.334,0mvf9Ruxc8S7tQ7xSxaWtr,spotify:track:0mvf9Ruxc8S7tQ7xSxaWtr,155756,4,classic
48,0.442,0.0377,7,-23.729,0,0.0491,0.994,0.915,0.078,0.103,70.073,3boOOezPV0bUMZwGBAM1tO,spotify:track:3boOOezPV0bUMZwGBAM1tO,656500,4,classic
49,0.263,0.349,8,-18.327,1,0.0351,0.9,0.837,0.151,0.357,148.606,6t4UGQPRZlB0sEI9SXiip0,spotify:track:6t4UGQPRZlB0sEI9SXiip0,260960,3,classic
0,0.269,0.00229,1,-39.158,1,0.0372,0.986,0.868,0.174,0.0882,69.659,4ExtqIKNZLLmatRTVzlzFu,spotify:track:4ExtqIKNZLLmatRTVzlzFu,312813,3,classic
1,0.277,0.0099,7,-31.727,1,0.0447,0.995,0.908,0.0608,0.189,75.941,5oc54CC6nWMJPmzsgLvYnR,spotify:track:5oc54CC6nWMJPmzsgLvYnR,312253,4,classic
2,0.328,0.00278,10,-38.801,1,0.0566,0.995,0.868,0.105,0.194,75.387,76wV53YHl0tGEvT3L0QzvK,spotify:track:76wV53YHl0tGEvT3L0QzvK,85907,1,classic
5,0.227,0.00482,8,-36.351,1,0.036,0.993,0.912,0.157,0.0731,70.684,2EAgTVB2EdsMdqaqOk062L,spotify:track:2EAgTVB2EdsMdqaqOk062L,216284,5,classic
6,0.371,0.00593,1,-32.075,1,0.0469,0.993,0.911,0.0699,0.0384,135.297,3aflqY3isjShFUHoiS1QbR,spotify:track:3aflqY3isjShFUHoiS1QbR,330840,3,classic
7,0.279,0.00461,2,-36.886,0,0.0439,0.989,0.982,0.0638,0.039,69.813,24cgBBhZD1cWekUqaYuqTB,spotify:track:24cgBBhZD1cWekUqaYuqTB,181547,5,classic
8,0.335,0.0146,4,-23.818,0,0.0441,0.995,0.883,0.0838,0.0754,73.152,2DvAljfHQpHfhcGxajeiHj,spotify:track:2DvAljfHQpHfhcGxajeiHj,199375,4,classic
9,0.392,0.0152,6,-30.684,0,0.0424,0.996,0.885,0.081,0.12,74.963,2mNQl3DEWtkrwKllwYpxi0,spotify:track:2mNQl3DEWtkrwKllwYpxi0,359464,4,classic
11,0.217,0.0027,6,-38.644,1,0.0492,0.995,0.907,0.0956,0.229,72.034,069SOoG7uHJ2JY1QHpQFJR,spotify:track:069SOoG7uHJ2JY1QHpQFJR,147960,4,classic
12,0.296,0.0644,7,-22.715,0,0.0405,0.994,0.879,0.0748,0.354,79.031,5nFCdayR5pAEVvQw7ZAIuQ,spotify:track:5nFCdayR5pAEVvQw7ZAIuQ,125200,4,classic
13,0.168,0.00571,8,-36.245,1,0.0404,0.995,0.92,0.068,0.0705,78.043,4ObQ0m7VUtrgdEwpFeCKua,spotify:track:4ObQ0m7VUtrgdEwpFeCKua,181693,3,classic
14,0.363,0.0446,7,-33.317,0,0.0493,0.995,0.9,0.0683,0.371,101.384,5Zp1QBSyZbfggs3pf08nri,spotify:track:5Zp1QBSyZbfggs3pf08nri,233453,4,classic
15,0.411,0.0155,5,-28.791,0,0.0406,0.995,0.88,0.0813,0.0379,97.841,0d71p8tQDxLgdTkEHcxQyl,spotify:track:0d71p8tQDxLgdTkEHcxQyl,198493,3,classic
16,0.448,0.0052,4,-36.512,1,0.0564,0.995,0.88,0.0698,0.0398,62.171,1juisCcrVdwoLbDWyVvNrX,spotify:track:1juisCcrVdwoLbDWyVvNrX,369027,4,classic
17,0.457,0.0252,3,-35.116,1,0.0621,0.996,0.875,0.0975,0.168,74.137,5t0nmGyqurAFZwm2IINjEC,spotify:track:5t0nmGyqurAFZwm2IINjEC,138840,4,classic
18,0.448,0.00897,3,-31.071,1,0.124,0.994,0.928,0.0829,0.5,68.57,32gGCtoIqSmRPmRbWUsVaw,spotify:track:32gGCtoIqSmRPmRbWUsVaw,174221,4,classic
19,0.36,0.00301,6,-35.441,0,0.0444,0.994,0.897,0.0557,0.18,72.892,1v3gGmcneK1QzYyBFiBXG0,spotify:track:1v3gGmcneK1QzYyBFiBXG0,301400,4,classic
21,0.273,0.00573,9,-39.245,1,0.0493,0.994,0.913,0.0857,0.174,91.621,2FbUitqkfxFhI4An73HzZW,spotify:track:2FbUitqkfxFhI4An73HzZW,193320,3,classic
22,0.121,0.00488,9,-39.58,0,0.0401,0.995,0.924,0.0694,0.186,84.021,0Ck1w9drSHl9NrWV9diIXv,spotify:track:0Ck1w9drSHl9NrWV9diIXv,181040,4,classic
23,0.272,0.0132,4,-28.85,1,0.0365,0.99,0.924,0.0875,0.0743,73.368,6VnSkysUFuLEayG0LIQlVF,spotify:track:6VnSkysUFuLEayG0LIQlVF,272133,4,classic
24,0.209,0.00299,2,-33.974,1,0.0491,0.992,0.955,0.104,0.039,66.685,4b59u2E74KcDuyHCRBkf5v,spotify:track:4b59u2E74KcDuyHCRBkf5v,442172,3,classic
25,0.349,0.0167,9,-30.454,1,0.0341,0.991,0.95,0.0892,0.0527,101.681,6tJgHvmQ1KP3ctd1sdV3lB,spotify:track:6tJgHvmQ1KP3ctd1sdV3lB,221160,3,classic
26,0.355,0.0164,3,-28.659,1,0.0396,0.995,0.926,0.0986,0.0922,67.946,00CXUMREit80f2McJsjcIz,spotify:track:00CXUMREit80f2McJsjcIz,282813,4,classic
27,0.33,0.00274,2,-37.342,0,0.0617,0.992,0.908,0.0668,0.188,61.088,4tKmydUDl8OIeb7fioEsnl,spotify:track:4tKmydUDl8OIeb7fioEsnl,143532,4,classic
28,0.404,0.0151,5,-35.799,1,0.0652,0.996,0.916,0.0946,0.282,134.935,7rrDSYbroZhV6aKkbYxiuG,spotify:track:7rrDSYbroZhV6aKkbYxiuG,150600,5,classic
29,0.31,0.00761,3,-35.324,1,0.052,0.993,0.881,0.0692,0.0381,132.984,4eEn698j0FkfQZwEo5zaDA,spotify:track:4eEn698j0FkfQZwEo5zaDA,139587,4,classic
30,0.313,0.0324,3,-29.155,0,0.0451,0.992,0.919,0.1,0.0522,127.356,6VLzm03YUeXVl3GdGyib6J,spotify:track:6VLzm03YUeXVl3GdGyib6J,182720,5,classic
31,0.527,0.0325,10,-26.594,1,0.0359,0.995,0.882,0.113,0.187,111.15,4JWVkr5jUjylM3hMG5zvXw,spotify:track:4JWVkr5jUjylM3hMG5zvXw,255267,4,classic
32,0.391,0.00316,10,-36.233,1,0.0382,0.995,0.925,0.068,0.143,69.792,73kFkK74uTO8fy8yBfMrTk,spotify:track:73kFkK74uTO8fy8yBfMrTk,139760,3,classic
33,0.487,0.022,7,-32.282,1,0.035,0.986,0.894,0.137,0.191,67.836,61NVGsaU1YXShnv2nwdJ0s,spotify:track:61NVGsaU1YXShnv2nwdJ0s,277133,3,classic
34,0.309,0.0445,7,-27.95,0,0.0481,0.993,0.871,0.0825,0.182,87.36,675uoOAtz3TzuigX3Doe4h,spotify:track:675uoOAtz3TzuigX3Doe4h,271200,4,classic
35,0.357,0.0149,3,-32.65,1,0.0517,0.996,0.927,0.105,0.147,82.152,0atkoFwfqT5yYPf9e1YFrG,spotify:track:0atkoFwfqT5yYPf9e1YFrG,147655,3,classic
36,0.322,0.0558,2,-22.639,1,0.0501,0.992,0.936,0.0818,0.0707,85.068,4yExhO3Vh6bLW32qU4DOOs,spotify:track:4yExhO3Vh6bLW32qU4DOOs,346573,4,classic
37,0.224,0.00647,1,-28.522,1,0.0505,0.993,0.912,0.0798,0.0393,68.105,5gOiyasbWfppG7fkNI6Byl,spotify:track:5gOiyasbWfppG7fkNI6Byl,433933,4,classic
38,0.341,0.0151,11,-31.534,1,0.0435,0.995,0.901,0.0943,0.0606,135.173,1xrz9rJJPVENNP4l4Jvft4,spotify:track:1xrz9rJJPVENNP4l4Jvft4,369000,4,classic
39,0.329,0.0171,4,-30.374,1,0.0393,0.993,0.92,0.0904,0.127,65.054,7lO0GHKtEZKLZ0l32upmll,spotify:track:7lO0GHKtEZKLZ0l32upmll,287960,3,classic
40,0.315,0.0054,11,-26.582,0,0.047,0.984,0.938,0.0842,0.109,68.602,2lZ4IicfSIP3e1vwUZ4MQj,spotify:track:2lZ4IicfSIP3e1vwUZ4MQj,535187,3,classic
41,0.286,0.0028,8,-37.427,1,0.0462,0.995,0.912,0.127,0.123,67.505,4l5zWNPyET6PqBhxQEyKgt,spotify:track:4l5zWNPyET6PqBhxQEyKgt,324960,4,classic
42,0.242,0.00348,0,-32.938,0,0.0595,0.994,0.897,0.0736,0.0619,70.0,7F4LZFe1kAUEClacsL5KyA,spotify:track:7F4LZFe1kAUEClacsL5KyA,139707,3,classic
43,0.291,0.029,11,-30.769,1,0.0574,0.995,0.894,0.0833,0.0732,69.867,2czqg4YLVDdeDIvr8rYxyc,spotify:track:2czqg4YLVDdeDIvr8rYxyc,117627,3,classic
44,0.28,0.0385,10,-32.553,1,0.0482,0.995,0.85,0.0827,0.0926,99.631,1u7z1dbU39nz7LysjwU5uF,spotify:track:1u7z1dbU39nz7LysjwU5uF,223307,3,classic
45,0.334,0.00732,4,-30.908,0,0.0355,0.991,0.952,0.0968,0.0964,60.171,64LTn5fTsPR0QLy7bVYl9w,spotify:track:64LTn5fTsPR0QLy7bVYl9w,241987,4,classic
46,0.351,0.00622,0,-33.286,0,0.0388,0.994,0.943,0.115,0.0794,66.921,6cDytuMZ5Z4iMEhK65HiHL,spotify:track:6cDytuMZ5Z4iMEhK65HiHL,223067,4,classic
47,0.378,0.00553,4,-30.861,0,0.0759,0.995,0.946,0.0627,0.102,67.129,6StjE2hce01PzynfEkfKvo,spotify:track:6StjE2hce01PzynfEkfKvo,389280,5,classic
48,0.378,0.0154,5,-29.74,1,0.0445,0.993,0.917,0.0794,0.0746,131.073,6HNUntao7jCtKR2cGKgqn0,spotify:track:6HNUntao7jCtKR2cGKgqn0,329627,4,classic
49,0.321,0.0272,3,-25.066,1,0.037,0.993,0.919,0.0947,0.0632,74.69,4h4py9AzEuUGBTJZO4ifnm,spotify:track:4h4py9AzEuUGBTJZO4ifnm,221732,4,classic
