,danceability,energy,key,loudness,mode,speechiness,acousticness,instrumentalness,liveness,valence,tempo,id,uri,duration_ms,time_signature,label
0,0.285,0.866,4,-6.762,0,0.0674,0.0175,0.0575,0.541,0.62,162.307,1W1Fchq0voTFhKGWmn57uW,spotify:track:1W1Fchq0voTFhKGWmn57uW,250947,4,metal
1,0.429,0.631,4,-11.514,0,0.0769,7.85e-05,0.00411,0.175,0.376,162.734,1jzDzZWeSDBg5fhNc3tczV,spotify:track:1jzDzZWeSDBg5fhNc3tczV,168440,4,metal
2,0.61,0.891,4,-5.452,0,0.0587,0.000805,0.0928,0.0657,0.51,139.903,51TG9W3y9qyO8BY5RXKgnZ,spotify:track:51TG9W3y9qyO8BY5RXKgnZ,246733,4,metal
3,0.508,0.912,9,-8.049,0,0.0368,7.06e-05,0.403,0.0492,0.682,117.582,5qFxuUIAwJlzO60vqOiL7y,spotify:track:5qFxuUIAwJlzO60vqOiL7y,252693,4,metal
4,0.362,0.961,2,-5.664,1,0.0857,0.024,9.35e-06,0.159,0.491,164.019,2RaA6kIcvomt77qlIgGhCT,spotify:track:2RaA6kIcvomt77qlIgGhCT,153840,4,metal
5,0.321,0.99,6,-4.461,1,0.204,0.00248,0.00631,0.0924,0.209,140.574,3AVZaAbDvR6rs2NN4n0aAF,spotify:track:3AVZaAbDvR6rs2NN4n0aAF,166707,4,metal
6,0.402,0.873,4,-3.209,0,0.0586,0.00484,7.3e-05,0.157,0.684,125.443,5qrNtSNkPsWfjqaYNugzYT,spotify:track:5qrNtSNkPsWfjqaYNugzYT,253667,4,metal
7,0.459,0.953,4,-6.518,0,0.066,0.000275,0.000305,0.141,0.517,95.074,6aYXSH9JZrD30Av2KlAOMY,spotify:track:6aYXSH9JZrD30Av2KlAOMY,359760,4,metal
8,0.365,0.763,11,-9.45,0,0.0591,0.00726,0.000457,0.0865,0.342,148.366,7txxAtOMwLLnQTpKeBL6bp,spotify:track:7txxAtOMwLLnQTpKeBL6bp,204867,4,metal
9,0.538,0.872,4,-7.658,0,0.0361,0.000608,0.573,0.0946,0.593,105.102,6NwbeybX6TDtXlpXvnUOZC,spotify:track:6NwbeybX6TDtXlpXvnUOZC,516293,4,metal
10,0.307,0.909,9,-7.08,0,0.0574,0.135,0.0336,0.125,0.443,173.674,3uMmllZo1AfoEnVT4ENCD3,spotify:track:3uMmllZo1AfoEnVT4ENCD3,366136,4,metal
11,0.473,0.783,10,-10.671,0,0.0869,0.0125,0.475,0.268,0.124,91.976,54yLLvpezvPO1lA3GspiZj,spotify:track:54yLLvpezvPO1lA3GspiZj,340640,4,metal
12,0.333,0.445,3,-16.343,0,0.0283,0.00858,0.0451,0.167,0.35,89.371,3HzWxmvpQU3QHQ59zw1X4V,spotify:track:3HzWxmvpQU3QHQ59zw1X4V,417840,4,metal
13,0.242,0.953,4,-5.555,0,0.115,0.0605,3.38e-05,0.135,0.342,153.738,4PSiPZp8MYMDZzuBhCLgc6,spotify:track:4PSiPZp8MYMDZzuBhCLgc6,307573,4,metal
14,0.519,0.833,6,-6.947,0,0.0496,0.00572,4.33e-06,0.104,0.532,138.225,4f3RDq9nYPBeR1yMSgnmBm,spotify:track:4f3RDq9nYPBeR1yMSgnmBm,310080,4,metal
15,0.461,0.95,9,-6.189,1,0.179,0.0638,0.0149,0.211,0.535,140.77,1LDAh7QQnWvp3GJ9QDa1Pj,spotify:track:1LDAh7QQnWvp3GJ9QDa1Pj,415400,4,metal
16,0.359,0.981,7,-3.622,0,0.303,0.00125,0.00236,0.284,0.271,178.98,7GonnnalI2s19OCQO1J7Tf,spotify:track:7GonnnalI2s19OCQO1J7Tf,282653,4,metal
17,0.415,0.908,2,-9.701,1,0.0765,0.00437,0.0345,0.082,0.437,114.816,2SgbR6ttzoNlCRGQOKjrop,spotify:track:2SgbR6ttzoNlCRGQOKjrop,243533,4,metal
18,0.453,0.905,9,-4.001,1,0.115,0.36,0.000569,0.26,0.474,137.571,2b9lp5A6CqSzwOrBfAFhof,spotify:track:2b9lp5A6CqSzwOrBfAFhof,296200,4,metal
19,0.483,0.871,0,-8.033,1,0.041,0.000444,0.000498,0.287,0.58,90.98,07QREe91FdXnDtJ2cBAVUs,spotify:track:07QREe91FdXnDtJ2cBAVUs,280307,4,metal
20,0.221,0.956,0,-4.641,1,0.0876,0.0103,0.000523,0.195,0.432,173.254,2JS1iE5A5RHvUPH5Zl9jlF,spotify:track:2JS1iE5A5RHvUPH5Zl9jlF,233960,4,metal
21,0.598,0.676,0,-9.211,1,0.0279,0.13,0.225,0.112,0.805,114.169,5MMnwYs0hIxkENRsbkWJ2G,spotify:track:5MMnwYs0hIxkENRsbkWJ2G,340742,4,metal
22,0.338,0.767,9,-11.51,1,0.0742,0.00344,0.00318,0.0384,0.516,154.97,4HzdhXWJqczW6gOIXT6QRH,spotify:track:4HzdhXWJqczW6gOIXT6QRH,354773,4,metal
23,0.544,0.739,9,-7.383,1,0.0517,0.00392,0.000143,0.168,0.328,118.287,28sMmBCmfHoy6NjZnovEYG,spotify:track:28sMmBCmfHoy6NjZnovEYG,342600,4,metal
24,0.504,0.911,2,-2.97,1,0.0738,0.00512,0.0123,0.355,0.671,106.244,70Z9t1qhytWtG4cCmmi7mU,spotify:track:70Z9t1qhytWtG4cCmmi7mU,179760,4,metal
25,0.437,0.695,7,-9.447,1,0.0617,0.00111,0.0857,0.124,0.413,102.178,0kUBk3PnCat4oPvTlNsStp,spotify:track:0kUBk3PnCat4oPvTlNsStp,447440,3,metal
26,0.521,0.721,2,-7.699,1,0.0254,0.00348,0.0113,0.391,0.611,97.578,521gC8oqqmUknLZpodHOh9,spotify:track:521gC8oqqmUknLZpodHOh9,328427,4,metal
27,0.287,0.757,2,-6.482,0,0.0591,0.204,0.000294,0.359,0.357,108.554,5XfWzGa5zuz88IOYbWNTMa,spotify:track:5XfWzGa5zuz88IOYbWNTMa,302640,4,metal
28,0.42,0.93,2,-5.583,0,0.0638,0.0189,0.00675,0.264,0.344,99.641,1s4Ie0cT6P73SRSfh3oyGW,spotify:track:1s4Ie0cT6P73SRSfh3oyGW,291373,4,metal
29,0.409,0.92,11,-5.439,0,0.12,0.00719,0.00105,0.0823,0.37,145.085,3vV3cr2TpPqFk07zxYUbla,spotify:track:3vV3cr2TpPqFk07zxYUbla,290960,4,metal
30,0.28,0.908,2,-5.509,0,0.109,0.0327,8.85e-06,0.18,0.26,118.698,5XcZRgJv3zMhTqCyESjQrF,spotify:track:5XcZRgJv3zMhTqCyESjQrF,270080,4,metal
31,0.61,0.824,4,-6.046,1,0.0534,0.0136,1.75e-06,0.0606,0.819,134.992,0IXpUl1fn2QZcBavfuq0H4,spotify:track:0IXpUl1fn2QZcBavfuq0H4,210133,4,metal
32,0.319,0.65,6,-13.927,1,0.0375,0.0762,0.129,0.0962,0.383,149.886,00iV838pAEznn1qLoG8Rxy,spotify:track:00iV838pAEznn1qLoG8Rxy,317206,4,metal
33,0.295,0.833,9,-8.279,0,0.0764,0.014,0.0683,0.0816,0.625,172.756,5fIZDuxfuM4tANRHZ8Btju,spotify:track:5fIZDuxfuM4tANRHZ8Btju,343173,4,metal
34,0.518,0.858,0,-6.147,1,0.0672,0.00563,0.00349,0.0598,0.249,117.897,2S7dIlkIskYF2mv1R66O1m,spotify:track:2S7dIlkIskYF2mv1R66O1m,309973,4,metal
35,0.511,0.912,1,-5.618,1,0.0594,0.0247,0.0553,0.0943,0.833,131.339,2GNat4nfktZONFZ7Cqm5Bq,spotify:track:2GNat4nfktZONFZ7Cqm5Bq,190867,4,metal
36,0.301,0.995,1,-4.394,0,0.159,0.000417,0.295,0.125,0.0374,88.15,4Yx9Tw9dTgQ8eGCq3PRDyn,spotify:track:4Yx9Tw9dTgQ8eGCq3PRDyn,255187,4,metal
37,0.441,0.796,9,-2.851,0,0.0431,0.0167,2.52e-06,0.166,0.696,118.146,0hLQWHwB6GZlkASpS7DkdW,spotify:track:0hLQWHwB6GZlkASpS7DkdW,238867,4,metal
38,0.166,0.948,11,-8.503,0,0.0631,0.00374,0.0131,0.769,0.476,177.495,1aDNYyeU62BuQsBAY18i48,spotify:track:1aDNYyeU62BuQsBAY18i48,506160,4,metal
39,0.445,0.612,9,-12.025,1,0.0589,0.118,0.00661,0.175,0.497,91.732,4eZDMbQm12jmaTFT6fOBwo,spotify:track:4eZDMbQm12jmaTFT6fOBwo,474400,4,metal
40,0.552,0.947,2,-4.671,1,0.15,0.000652,0.00025,0.0637,0.465,127.631,6QDbGdbJ57Mtkflsg42WV5,spotify:track:6QDbGdbJ57Mtkflsg42WV5,282747,4,metal
41,0.319,0.952,4,-5.315,0,0.0723,6.28e-05,0.154,0.918,0.228,109.275,14H2fE4WEdkEem0kjVeODT,spotify:track:14H2fE4WEdkEem0kjVeODT,441467,4,metal
42,0.333,0.934,9,-4.187,0,0.106,7.95e-05,0.00239,0.122,0.472,146.369,2J420Sc7XqgKoEXPKl751p,spotify:track:2J420Sc7XqgKoEXPKl751p,255293,4,metal
43,0.327,0.873,9,-10.779,0,0.0514,4.99e-06,0.0172,0.247,0.48,153.012,6qxi41lmbH35MT29bqlL4k,spotify:track:6qxi41lmbH35MT29bqlL4k,273867,4,metal
44,0.414,0.897,5,-6.406,0,0.0538,0.000402,1.85e-06,0.0809,0.263,170.916,7yDrKl1J4VWNbR4aLU3qJ7,spotify:track:7yDrKl1J4VWNbR4aLU3qJ7,255427,4,metal
45,0.357,0.897,1,-6.37,1,0.0452,0.00938,0.00107,0.318,0.406,146.272,6xoy7rjhumfn7cbq3mpnUk,spotify:track:6xoy7rjhumfn7cbq3mpnUk,312573,4,metal
46,0.489,0.953,0,-4.615,1,0.0858,0.02,0.00021,0.113,0.447,94.443,1hqrYSqvNc9x3BETX1cZhk,spotify:track:1hqrYSqvNc9x3BETX1cZhk,195853,4,metal
47,0.526,0.978,8,-5.436,1,0.108,0.00122,4.75e-05,0.0744,0.451,141.167,05RgAMGypEvqhNs5hPCbMS,spotify:track:05RgAMGypEvqhNs5hPCbMS,210227,4,metal
48,0.581,0.791,6,-7.262,1,0.0324,0.00835,6.02e-05,0.142,0.619,123.887,31dqpLUModJWNbxrXu6TWd,spotify:track:31dqpLUModJWNbxrXu6TWd,256293,3,metal
49,0.502,0.924,4,-6.299,1,0.0503,0.0127,0.0,0.162,0.922,149.186,1hlveB9M6ijHZRbzZ2teyh,spotify:track:1hlveB9M6ijHZRbzZ2teyh,219667,4,metal
50,0.186,0.943,9,-2.154,1,0.0874,0.0068,0.0622,0.59,0.603,179.557,288cy2QRIj1CA7s1Ifu0ip,spotify:track:288cy2QRIj1CA7s1Ifu0ip,230840,4,metal
51,0.276,0.639,2,-11.674,1,0.0471,0.0178,0.0,0.292,0.643,186.502,1XxUDJp9zsjd6tBSvE3la4,spotify:track:1XxUDJp9zsjd6tBSvE3la4,230507,4,metal
52,0.654,0.929,1,-5.906,1,0.0998,0.0468,0.0,0.0539,0.902,144.774,0fCWbJq1hagsRgShtn6gIU,spotify:track:0fCWbJq1hagsRgShtn6gIU,168840,4,metal
53,0.485,0.945,0,-5.954,1,0.0402,0.0033,0.00525,0.0997,0.731,135.957,5uRN4EmPA7BWs5f4xsIl0Z,spotify:track:5uRN4EmPA7BWs5f4xsIl0Z,249013,4,metal
54,0.225,0.689,8,-9.12,1,0.0555,0.469,0.813,0.337,0.5,93.798,2tAeN2TKlQLOoSPXtARzBV,spotify:track:2tAeN2TKlQLOoSPXtARzBV,102080,4,metal
55,0.346,0.749,6,-6.506,1,0.035,0.00167,8.86e-05,0.648,0.315,102.591,7w6PJe5KBPyvuRYxFkPssC,spotify:track:7w6PJe5KBPyvuRYxFkPssC,443240,4,metal
56,0.274,0.859,1,-6.036,0,0.0553,3.71e-05,7.72e-06,0.275,0.529,164.26,395uj20WFZvffLXIGFD0u6,spotify:track:395uj20WFZvffLXIGFD0u6,223813,4,metal
57,0.322,0.978,9,-5.446,1,0.131,8.66e-05,0.266,0.136,0.271,112.878,5LO0sJCkNMZYLYeGOvblLu,spotify:track:5LO0sJCkNMZYLYeGOvblLu,386600,4,metal
58,0.557,0.843,0,-4.338,1,0.131,0.00366,1.83e-06,0.218,0.547,138.339,7xzmJPFQAn0O1ZYYtbGRlz,spotify:track:7xzmJPFQAn0O1ZYYtbGRlz,198800,4,metal
59,0.532,0.767,7,-5.509,1,0.0574,0.00287,0.000513,0.39,0.755,127.361,2SiXAy7TuUkycRVbbWDEpo,spotify:track:2SiXAy7TuUkycRVbbWDEpo,210173,4,metal
60,0.499,0.936,9,-3.031,0,0.069,0.000636,0.0025,0.0658,0.662,137.627,0VLxw3HiC9deFFOMHutCUK,spotify:track:0VLxw3HiC9deFFOMHutCUK,249147,4,metal
61,0.6,0.931,7,-4.647,1,0.0734,0.0296,7.1e-05,0.392,0.542,140.123,5xLyTbCFONUGUuG0LtUxjn,spotify:track:5xLyTbCFONUGUuG0LtUxjn,270427,4,metal
62,0.379,0.953,4,-4.969,0,0.0527,4.92e-05,0.000646,0.303,0.268,134.579,4W2CRPuOl8wN3aR7QmOmQE,spotify:track:4W2CRPuOl8wN3aR7QmOmQE,278307,4,metal
63,0.21,0.882,0,-6.942,0,0.111,0.000238,0.671,0.318,0.329,169.758,3D8KAebbZgAFdVjTrsNgOI,spotify:track:3D8KAebbZgAFdVjTrsNgOI,171960,4,metal
64,0.519,0.982,7,-3.547,1,0.108,0.00203,0.00055,0.0971,0.361,97.745,4E5xVW505akJX0wcKj8Mpd,spotify:track:4E5xVW505akJX0wcKj8Mpd,319267,4,metal
65,0.345,0.924,7,-7.767,0,0.0553,0.00376,0.0,0.122,0.434,142.378,2lRhq1ZfHNiaVNHkTWeXUv,spotify:track:2lRhq1ZfHNiaVNHkTWeXUv,261733,4,metal
66,0.33,0.841,1,-5.303,1,0.0562,0.000292,0.000262,0.061,0.672,106.807,6SUudbR4vTazN9Jb7QWQn5,spotify:track:6SUudbR4vTazN9Jb7QWQn5,242453,4,metal
67,0.502,0.89,4,-5.175,1,0.0364,0.000147,0.0117,0.217,0.259,133.52,57bgtoPSgt236HzfBOd8kj,spotify:track:57bgtoPSgt236HzfBOd8kj,292880,4,metal
68,0.768,0.852,4,-6.215,1,0.038,0.214,7.36e-05,0.0723,0.867,128.373,07q0QVgO56EorrSGHC48y3,spotify:track:07q0QVgO56EorrSGHC48y3,271240,4,metal
69,0.472,0.9,8,-6.406,0,0.0582,0.148,0.000297,0.34,0.42,95.826,3KhF2YiNpJvGpfiCW45R6D,spotify:track:3KhF2YiNpJvGpfiCW45R6D,214960,4,metal
70,0.283,0.988,0,-7.017,1,0.111,3.75e-05,0.728,0.0712,0.133,90.791,2tfJfHUDg7w1FuiIoXuDVw,spotify:track:2tfJfHUDg7w1FuiIoXuDVw,284507,4,metal
71,0.287,0.716,11,-5.653,0,0.0311,0.0381,3.24e-05,0.164,0.544,172.123,3Rtv6zRNKpeSygXoaF9kCm,spotify:track:3Rtv6zRNKpeSygXoaF9kCm,409800,4,metal
72,0.27,0.886,11,-6.899,1,0.117,7.5e-06,0.0243,0.0899,0.192,119.285,1Krtfh550kyhfWPcRp6SnD,spotify:track:1Krtfh550kyhfWPcRp6SnD,313520,4,metal
73,0.31,0.7,9,-5.678,1,0.047,0.011,0.00965,0.0828,0.763,188.386,08mG3Y1vljYA6bvDt4Wqkj,spotify:track:08mG3Y1vljYA6bvDt4Wqkj,255493,4,metal
74,0.37,0.922,2,-9.098,1,0.058,0.000107,0.00882,0.0974,0.333,134.857,2Bt7cSAgiPWpM2dOU6VAg1,spotify:track:2Bt7cSAgiPWpM2dOU6VAg1,297293,4,metal
75,0.379,0.941,11,-10.443,0,0.038,0.000869,0.000637,0.0393,0.527,105.155,1fcyfC1KLSWVCIvALR5AxS,spotify:track:1fcyfC1KLSWVCIvALR5AxS,341333,4,metal
76,0.572,0.835,0,-6.219,1,0.0317,0.171,0.000377,0.0702,0.795,129.981,7N3PAbqfTjSEU1edb2tY8j,spotify:track:7N3PAbqfTjSEU1edb2tY8j,241600,4,metal
77,0.539,0.783,8,-6.651,1,0.0517,0.00147,0.742,0.151,0.143,131.374,4ie42LCUKcp68EnZOMw9PG,spotify:track:4ie42LCUKcp68EnZOMw9PG,358698,4,metal
78,0.494,0.933,2,-5.977,1,0.0808,0.0434,0.00108,0.228,0.507,121.201,28clONjZmul6FjfO6tZQDE,spotify:track:28clONjZmul6FjfO6tZQDE,316867,4,metal
79,0.445,0.768,4,-8.836,1,0.0347,0.0127,2.58e-06,0.0925,0.32,112.796,5ZIU2kT1wNjQNclQeVCz5O,spotify:track:5ZIU2kT1wNjQNclQeVCz5O,318227,4,metal
80,0.422,0.901,7,-6.655,0,0.0631,9.22e-05,6.78e-06,0.56,0.673,112.445,06EC9TibZK2mACTZ2usK1h,spotify:track:06EC9TibZK2mACTZ2usK1h,194587,4,metal
81,0.574,0.913,6,-4.793,0,0.133,0.061,0.00158,0.156,0.423,115.728,2zYzyRzz6pRmhPzyfMEC8s,spotify:track:2zYzyRzz6pRmhPzyfMEC8s,208400,4,metal
82,0.31,0.991,5,-3.769,0,0.316,0.000132,0.085,0.0969,0.0395,140.071,3U9gogDStAfWxSm91PJuxb,spotify:track:3U9gogDStAfWxSm91PJuxb,298533,4,metal
83,0.331,0.79,9,-11.612,0,0.078,0.00279,0.0953,0.334,0.604,163.479,6DRvu6LgU0wRF6Yr7WHRji,spotify:track:6DRvu6LgU0wRF6Yr7WHRji,259933,4,metal
84,0.575,0.881,9,-13.012,1,0.0357,0.000117,2.69e-05,0.147,0.699,132.127,28TcG73tbc4iGrGBFjiBnR,spotify:track:28TcG73tbc4iGrGBFjiBnR,223867,4,metal
85,0.282,0.905,0,-9.455,1,0.114,0.000278,0.375,0.0894,0.554,133.837,6LGoJAyN1xAqF3VJZt0MKx,spotify:track:6LGoJAyN1xAqF3VJZt0MKx,284960,4,metal
86,0.238,0.759,0,-12.476,1,0.0624,0.000407,0.002,0.608,0.732,193.044,4G3Nnoae2XF1cdbdgATKKq,spotify:track:4G3Nnoae2XF1cdbdgATKKq,203933,4,metal
87,0.754,0.759,9,-5.218,1,0.302,0.153,0.000108,0.101,0.435,126.366,7LRMbd3LEoV5wZJvXT1Lwb,spotify:track:7LRMbd3LEoV5wZJvXT1Lwb,214667,4,metal
88,0.631,0.495,2,-13.374,1,0.0326,0.00976,0.06,0.174,0.413,128.818,3PtaFRuHFIlF6ZcMVE4lF8,spotify:track:3PtaFRuHFIlF6ZcMVE4lF8,376307,4,metal
89,0.597,0.92,0,-5.933,1,0.0581,0.0368,7.56e-06,0.0837,0.74,122.417,1OwcckpLpQLDrAkBKYLEAX,spotify:track:1OwcckpLpQLDrAkBKYLEAX,259067,4,metal
90,0.247,0.963,4,-6.539,0,0.103,0.00249,0.0241,0.0589,0.572,176.364,4JrvsfwMdWJyEbV0DDZTtd,spotify:track:4JrvsfwMdWJyEbV0DDZTtd,225227,4,metal
91,0.357,0.828,4,-12.136,0,0.0482,0.00151,0.000527,0.345,0.624,107.126,1aVChMRP6I3ViAIlnW3WYS,spotify:track:1aVChMRP6I3ViAIlnW3WYS,283227,4,metal
92,0.211,0.972,10,-3.755,0,0.188,0.00323,7.31e-06,0.573,0.202,143.75,4HzTfjtuIe4YM01bt3l6Jf,spotify:track:4HzTfjtuIe4YM01bt3l6Jf,187800,4,metal
93,0.347,0.939,2,-9.239,1,0.0648,8.89e-05,3.81e-05,0.232,0.356,89.401,3lJqE5AKrrFDFdhDyB0kqx,spotify:track:3lJqE5AKrrFDFdhDyB0kqx,200333,4,metal
94,0.649,0.909,6,-6.988,0,0.0729,3.63e-05,0.469,0.0787,0.623,131.919,2tjb6V24kf6sDUdEFNf3m9,spotify:track:2tjb6V24kf6sDUdEFNf3m9,230560,4,metal
95,0.434,0.92,2,-14.802,1,0.0919,5.4e-05,0.397,0.379,0.175,139.803,1zFarlqzxsE9I3QiwrdwJN,spotify:track:1zFarlqzxsE9I3QiwrdwJN,229867,4,metal
96,0.391,0.991,1,-5.934,0,0.0759,8.82e-05,0.0687,0.0803,0.236,149.863,6v3UX3KGvhYwphqipOO84l,spotify:track:6v3UX3KGvhYwphqipOO84l,341000,4,metal
97,0.716,0.821,7,-4.204,1,0.0389,0.551,5.68e-06,0.618,0.931,120.737,4N4guy1faBG6oseDnhjkWy,spotify:track:4N4guy1faBG6oseDnhjkWy,197867,4,metal
98,0.433,0.644,9,-8.054,0,0.0381,0.000374,0.000357,0.117,0.323,91.773,3SvTwrxQJyGJkeoPDbuNcu,spotify:track:3SvTwrxQJyGJkeoPDbuNcu,394667,4,metal
99,0.356,0.894,9,-6.825,0,0.0796,2.67e-05,0.00806,0.0602,0.237,153.098,5F4PRUrsZQ8zTppxd6OA9a,spotify:track:5F4PRUrsZQ8zTppxd6OA9a,303547,4,metal
100,0.709,0.793,11,-7.66,0,0.0437,0.00843,0.0624,0.178,0.616,105.864,1qBTLEa3lAZ6ieAxc9sEk3,spotify:track:1qBTLEa3lAZ6ieAxc9sEk3,247829,4,metal
101,0.208,0.787,9,-6.763,0,0.0728,0.00131,0.0171,0.0626,0.472,170.626,0un0EK8Qvd3eNYh7BJz2OF,spotify:track:0un0EK8Qvd3eNYh7BJz2OF,337880,4,metal
102,0.339,0.991,2,-5.028,1,0.145,0.000249,0.00327,0.261,0.185,106.767,0c6p9QomOhNU9uzujLjtsD,spotify:track:0c6p9QomOhNU9uzujLjtsD,300093,4,metal
103,0.381,0.638,7,-12.201,1,0.0515,0.00281,0.305,0.142,0.143,116.306,3ZGajFLn8uAIpNxMxBwfGY,spotify:track:3ZGajFLn8uAIpNxMxBwfGY,324360,4,metal
104,0.297,0.798,4,-9.999,1,0.0782,0.000113,0.0772,0.132,0.544,137.397,2H4Uh7c159cJBmrbekZFFe,spotify:track:2H4Uh7c159cJBmrbekZFFe,237107,4,metal
105,0.262,0.988,11,-4.922,0,0.253,0.00655,0.897,0.132,0.227,91.319,5ZOOjqoCaUydmo8bxSdosj,spotify:track:5ZOOjqoCaUydmo8bxSdosj,290280,4,metal
106,0.442,0.759,10,-13.475,1,0.0354,0.000402,0.0081,0.174,0.279,198.117,3D5ORNm9spaTcdRx50ksHx,spotify:track:3D5ORNm9spaTcdRx50ksHx,205560,4,metal
107,0.526,0.9,4,-4.76,0,0.0531,0.00914,0.0,0.277,0.458,125.349,2W7CvGjipq3EmHqNGN7lN9,spotify:track:2W7CvGjipq3EmHqNGN7lN9,231693,4,metal
108,0.49,0.86,7,-5.284,0,0.0573,0.132,0.0,0.215,0.795,132.673,2dHjSNCw10clC9oOld8tPn,spotify:track:2dHjSNCw10clC9oOld8tPn,241893,4,metal
109,0.245,0.933,4,-8.148,0,0.0863,3.43e-05,0.182,0.0437,0.456,178.555,2ksadH0rmJCMAQ8r3Najnt,spotify:track:2ksadH0rmJCMAQ8r3Najnt,209000,4,metal
110,0.24,0.958,11,-10.151,0,0.1,2.73e-05,0.0354,0.769,0.0718,161.887,25qe3Wf24HVQBBiQeb9Cdf,spotify:track:25qe3Wf24HVQBBiQeb9Cdf,282560,4,metal
111,0.329,0.676,9,-9.036,0,0.0324,0.0366,0.0,0.18,0.529,78.217,7iEVmnzJr1V7duYKPWplzp,spotify:track:7iEVmnzJr1V7duYKPWplzp,273733,4,metal
112,0.498,0.858,8,-9.48,1,0.0564,0.0299,0.0,0.106,0.437,151.698,25kORdST1xzG4WXOnzJCKV,spotify:track:25kORdST1xzG4WXOnzJCKV,215307,4,metal
113,0.258,0.929,4,-9.571,0,0.0688,0.00972,0.414,0.34,0.494,138.346,0XazvXRtIb75Ljr6OjQGmX,spotify:track:0XazvXRtIb75Ljr6OjQGmX,312760,4,metal
114,0.49,0.789,4,-12.775,1,0.0522,0.011,0.000778,0.325,0.495,146.983,6RsNd0M7jqbjIhj4qIbwip,spotify:track:6RsNd0M7jqbjIhj4qIbwip,238400,4,metal
115,0.329,0.941,9,-7.687,1,0.084,0.00376,0.00525,0.0791,0.77,171.632,21CvmkU9C4GXrl1KZBl0FF,spotify:track:21CvmkU9C4GXrl1KZBl0FF,251320,4,metal
116,0.298,0.612,3,-9.002,0,0.0379,0.0194,9.67e-05,0.0906,0.343,156.727,1j06ieEC2BOCM0fTmYhn2l,spotify:track:1j06ieEC2BOCM0fTmYhn2l,262200,4,metal
117,0.295,0.974,2,-4.098,0,0.0844,1.84e-05,0.728,0.175,0.201,150.259,4hfpMRkHOW3xGt8zE8ogFk,spotify:track:4hfpMRkHOW3xGt8zE8ogFk,387733,4,metal
118,0.262,0.988,4,-4.939,0,0.117,1.63e-05,0.733,0.21,0.259,113.663,3lMVtX2zN22nm30jGVoOpT,spotify:track:3lMVtX2zN22nm30jGVoOpT,365320,4,metal
119,0.486,0.75,7,-8.171,1,0.0417,0.00375,0.00286,0.201,0.329,110.816,07f9Uh1cWqH8ggfcEYeC1l,spotify:track:07f9Uh1cWqH8ggfcEYeC1l,188920,4,metal
120,0.577,0.676,8,-11.931,1,0.0295,0.000895,2.29e-06,0.0625,0.676,95.98,2ZS0wDcdfrJPC86u5aJGo9,spotify:track:2ZS0wDcdfrJPC86u5aJGo9,245267,4,metal
121,0.276,0.986,9,-10.221,0,0.122,0.000633,0.00439,0.349,0.0621,153.64,3PtoySboyS2gTmvFPy6iDi,spotify:track:3PtoySboyS2gTmvFPy6iDi,229960,4,metal
122,0.213,0.686,0,-15.09,1,0.0661,7.45e-06,0.0701,0.0972,0.304,102.582,5xXeIlEiWIA8xnPa8BkJyj,spotify:track:5xXeIlEiWIA8xnPa8BkJyj,246067,4,metal
123,0.626,0.721,9,-6.35,0,0.0305,0.0014,0.00575,0.203,0.493,116.414,3uZFSiCurXd9Jm3OIfxmAb,spotify:track:3uZFSiCurXd9Jm3OIfxmAb,237440,4,metal
124,0.581,0.572,9,-10.976,1,0.0299,0.0125,0.00123,0.0299,0.881,125.278,7dp39ThK3DGKVneJERWhHe,spotify:track:7dp39ThK3DGKVneJERWhHe,199040,4,metal
0,0.489,0.987,11,-4.57,0,0.0806,7.62e-05,0.0,0.788,0.297,139.982,1r3PWB1ZzxrPsIj2DNoa10,spotify:track:1r3PWB1ZzxrPsIj2DNoa10,256742,4,metal
1,0.39,0.942,0,-7.743,1,0.0806,7.71e-06,0.102,0.14,0.17,90.216,1AtE4xrxLR7nSPWSk1VGqM,spotify:track:1AtE4xrxLR7nSPWSk1VGqM,243080,4,metal
2,0.418,0.929,7,-4.122,1,0.0539,0.000131,0.00134,0.245,0.546,170.037,69uGltZ3kbIqYmPDHp1p2E,spotify:track:69uGltZ3kbIqYmPDHp1p2E,238018,4,metal
3,0.445,0.914,4,-5.001,0,0.0494,0.000152,0.0,0.549,0.587,135.032,0iqJIE15UsLphh2BdZ3aoh,spotify:track:0iqJIE15UsLphh2BdZ3aoh,188112,4,metal
4,0.511,0.992,1,-3.372,1,0.133,0.000186,0.00104,0.39,0.327,124.941,74Ijstyp0EXcdEZzyLOJy6,spotify:track:74Ijstyp0EXcdEZzyLOJy6,246405,4,metal
5,0.368,0.989,5,-4.764,0,0.112,4e-06,0.391,0.976,0.0755,110.241,4AbEyowmGAEGnLUZ9YCphR,spotify:track:4AbEyowmGAEGnLUZ9YCphR,218406,4,metal
6,0.499,0.961,10,-7.15,0,0.0537,0.000231,3.71e-06,0.259,0.541,106.034,5zlUrvdz6o5tIC2bBg31iZ,spotify:track:5zlUrvdz6o5tIC2bBg31iZ,224667,4,metal
7,0.35,0.941,1,-7.225,1,0.0854,3.75e-05,0.195,0.216,0.29,85.205,1mnIf0uQCOesEO4484G0iR,spotify:track:1mnIf0uQCOesEO4484G0iR,220427,4,metal
8,0.3,0.932,7,-7.188,1,0.0678,0.000126,0.00481,0.273,0.276,104.922,6D1i1hoMyjs843XbMhNq8J,spotify:track:6D1i1hoMyjs843XbMhNq8J,283339,3,metal
9,0.459,0.845,11,-5.581,0,0.0287,6.72e-06,0.489,0.498,0.572,88.002,3mWpUooYBCQzcNaWTuVSGm,spotify:track:3mWpUooYBCQzcNaWTuVSGm,246480,4,metal
10,0.54,0.922,9,-8.346,0,0.0465,0.0271,1.31e-05,0.193,0.564,96.032,2c03eSv5IkwbDty49pKg1L,spotify:track:2c03eSv5IkwbDty49pKg1L,218000,4,metal
11,0.304,0.987,7,-2.578,1,0.193,6.13e-05,0.000162,0.371,0.153,149.992,4DzJ41A6qR14hHtS1djvdX,spotify:track:4DzJ41A6qR14hHtS1djvdX,263948,4,metal
12,0.401,0.979,4,-1.928,0,0.0822,0.00056,0.0,0.153,0.245,139.03,62eNYg3cHHfr1ThVxe2vaM,spotify:track:62eNYg3cHHfr1ThVxe2vaM,300699,4,metal
13,0.433,0.92,4,-4.738,0,0.0409,0.000576,5.5e-05,0.123,0.476,92.466,2L42uB1e5wuanTTPEWVe64,spotify:track:2L42uB1e5wuanTTPEWVe64,243755,4,metal
14,0.477,0.934,4,-8.199,0,0.0554,0.000392,0.254,0.343,0.328,139.947,4fY2JR0REUiykvzRw61sk9,spotify:track:4fY2JR0REUiykvzRw61sk9,277893,4,metal
15,0.375,0.925,4,-7.462,0,0.112,4.41e-05,7.02e-06,0.0863,0.307,170.11,0cTHs20lsSAahzUnlG05Lg,spotify:track:0cTHs20lsSAahzUnlG05Lg,215758,4,metal
16,0.445,0.942,7,-6.558,1,0.0592,1.74e-06,0.0439,0.313,0.384,120.037,6grZ25M9c5o8T75z0tY0xq,spotify:track:6grZ25M9c5o8T75z0tY0xq,253325,4,metal
17,0.462,0.935,6,-5.215,0,0.0417,1.44e-05,0.0415,0.111,0.721,139.961,1kKzLv3w7I5NXzEtWkSzi4,spotify:track:1kKzLv3w7I5NXzEtWkSzi4,214134,4,metal
18,0.363,0.94,6,-5.773,0,0.1,0.000131,0.365,0.116,0.277,191.998,0MGLlKw16k1qGlpb69xDZ1,spotify:track:0MGLlKw16k1qGlpb69xDZ1,194587,4,metal
19,0.185,0.983,1,-7.301,1,0.235,1.66e-05,0.191,0.197,0.102,178.864,3jpGc7gcoTyQsrlfQ332Ql,spotify:track:3jpGc7gcoTyQsrlfQ332Ql,231773,4,metal
20,0.419,0.945,4,-5.56,1,0.058,0.0013,9.53e-05,0.197,0.394,173.962,3sXsIBIFutSSMc2V4WCknY,spotify:track:3sXsIBIFutSSMc2V4WCknY,231000,4,metal
21,0.433,0.935,6,-6.704,0,0.0577,8.2e-06,2.32e-05,0.146,0.436,163.057,4ngbdRQfneBbVGU4V7jjDg,spotify:track:4ngbdRQfneBbVGU4V7jjDg,266339,4,metal
22,0.545,0.92,11,-4.232,1,0.0306,0.000446,0.0669,0.375,0.332,129.032,7tcBbo9I71WtmLAuzha5mN,spotify:track:7tcBbo9I71WtmLAuzha5mN,298893,4,metal
23,0.425,0.958,4,-5.785,0,0.0515,0.000254,0.00107,0.0394,0.621,102.002,30cxiM2snx2Hstvhk8Z7pv,spotify:track:30cxiM2snx2Hstvhk8Z7pv,338761,4,metal
24,0.41,0.992,2,-5.978,1,0.095,4.43e-05,0.878,0.121,0.104,123.933,4Avnu5FR70qWD9VxandTWe,spotify:track:4Avnu5FR70qWD9VxandTWe,274203,4,metal
25,0.505,0.934,8,-7.717,1,0.0498,0.00237,5.71e-06,0.217,0.248,95.061,7kn8PMqB1Cx3qnzB0Slayd,spotify:track:7kn8PMqB1Cx3qnzB0Slayd,255987,4,metal
26,0.463,0.962,1,-5.697,0,0.0712,0.000761,0.0,0.239,0.188,109.899,1i0fcF53lHffHnDxM293On,spotify:track:1i0fcF53lHffHnDxM293On,211893,4,metal
27,0.436,0.963,7,-6.861,1,0.0826,5.13e-05,0.0,0.138,0.515,169.921,46HFTyFqLMzSye98Arqa98,spotify:track:46HFTyFqLMzSye98Arqa98,179093,4,metal
28,0.498,0.993,2,-6.298,1,0.0809,0.00028,0.00787,0.155,0.233,99.98,1FOp9dG9z5ps8gYQrafzQN,spotify:track:1FOp9dG9z5ps8gYQrafzQN,338053,4,metal
29,0.55,0.802,11,-5.708,1,0.0322,0.00381,0.00768,0.105,0.796,97.625,2Ei1eAAU4ME4ld72p9wCbW,spotify:track:2Ei1eAAU4ME4ld72p9wCbW,277600,4,metal
30,0.56,0.981,4,-5.445,0,0.104,3.08e-05,0.115,0.102,0.237,111.012,5BM618dNRZxN40mCCMFjP0,spotify:track:5BM618dNRZxN40mCCMFjP0,261307,4,metal
31,0.552,0.864,8,-6.523,0,0.0375,0.000931,0.0199,0.0856,0.898,140.986,7G0n4t8Ul5r0BpS2lw5hYT,spotify:track:7G0n4t8Ul5r0BpS2lw5hYT,194838,4,metal
32,0.346,0.949,6,-3.973,1,0.0837,1.42e-05,0.422,0.0524,0.323,178.027,4iJg7QdhqLHwfYOmYHqU9z,spotify:track:4iJg7QdhqLHwfYOmYHqU9z,258837,4,metal
33,0.407,0.967,0,-7.104,1,0.0666,0.000316,0.00142,0.089,0.227,180.027,28aQT80RVsVsD1X98WCew1,spotify:track:28aQT80RVsVsD1X98WCew1,203373,4,metal
34,0.452,0.949,11,-4.759,1,0.0503,9.19e-05,0.74,0.226,0.788,176.94,1IMU0K1z2oFPfPQzlxSx4X,spotify:track:1IMU0K1z2oFPfPQzlxSx4X,223416,4,metal
35,0.42,0.987,0,-5.114,0,0.122,1.28e-05,0.183,0.0541,0.131,95.978,7j0DSyekwDBBkAesbD5bzH,spotify:track:7j0DSyekwDBBkAesbD5bzH,266054,4,metal
36,0.439,0.984,9,-4.755,1,0.0915,6.25e-06,0.000746,0.0849,0.2,153.99,0u7ZOU5XNVukkKjGf7YeYQ,spotify:track:0u7ZOU5XNVukkKjGf7YeYQ,365987,4,metal
37,0.509,0.918,8,-7.371,1,0.0429,0.000173,0.0032,0.307,0.476,106.936,0Zl2Wx0aqXhMfFMcsLYmor,spotify:track:0Zl2Wx0aqXhMfFMcsLYmor,260227,4,metal
38,0.502,0.9,4,-5.655,0,0.0482,0.000104,0.00212,0.161,0.552,120.066,3iKSyNDGzJ3FcjXoDKqehS,spotify:track:3iKSyNDGzJ3FcjXoDKqehS,235296,4,metal
39,0.473,0.968,4,-7.297,0,0.0642,0.000144,0.0347,0.612,0.465,138.054,6zctLQjQkNI0agikPLbO9N,spotify:track:6zctLQjQkNI0agikPLbO9N,299946,4,metal
40,0.392,0.977,4,-6.009,0,0.101,3.78e-05,0.0776,0.119,0.207,195.984,1rdDtBy28Z5wtSIatYHot0,spotify:track:1rdDtBy28Z5wtSIatYHot0,335360,4,metal
41,0.376,0.914,5,-5.61,0,0.0496,0.000221,0.0282,0.113,0.191,96.276,3j3QVCJXXZXfgB5sjN1TEY,spotify:track:3j3QVCJXXZXfgB5sjN1TEY,357813,4,metal
42,0.544,0.888,1,-7.509,1,0.0541,0.000211,0.000237,0.38,0.2,129.936,4CSGVziAkUelYOIlOPNu6G,spotify:track:4CSGVziAkUelYOIlOPNu6G,242438,4,metal
43,0.426,0.964,9,-5.235,0,0.116,6.94e-05,0.00129,0.0768,0.406,165.013,7KWCzqPg2WrritNTlYuQ4t,spotify:track:7KWCzqPg2WrritNTlYuQ4t,296213,4,metal
44,0.358,0.94,6,-5.808,1,0.0794,9.42e-05,0.286,0.0845,0.131,184.072,4Cb1AimuiTJ5szNlCcf895,spotify:track:4Cb1AimuiTJ5szNlCcf895,321520,4,metal
45,0.362,0.974,1,-4.481,0,0.105,4.4e-05,0.0149,0.231,0.521,199.999,4MbJlBkNTEXGJ0sL8U5ABN,spotify:track:4MbJlBkNTEXGJ0sL8U5ABN,266015,4,metal
46,0.477,0.887,2,-4.272,1,0.0626,7.68e-05,0.0,0.0588,0.387,119.948,5uEOhWDWr4gN9YMgZNVGRB,spotify:track:5uEOhWDWr4gN9YMgZNVGRB,206427,4,metal
47,0.612,0.822,9,-6.418,1,0.0428,0.000719,0.00019,0.14,0.686,128.018,1KyA5lXW7cAgMLwxRdVAu3,spotify:track:1KyA5lXW7cAgMLwxRdVAu3,226093,4,metal
48,0.503,0.982,7,-2.838,1,0.117,9.9e-05,0.000764,0.0685,0.076,139.99,5b6x7e0p8HqA4CZ4eQEoiE,spotify:track:5b6x7e0p8HqA4CZ4eQEoiE,271765,4,metal
49,0.524,0.937,11,-5.201,1,0.0607,0.000189,0.00696,0.121,0.394,116.977,6OHdACPsqiigqRCy0VsIY6,spotify:track:6OHdACPsqiigqRCy0VsIY6,316385,4,metal
50,0.336,0.969,6,-5.362,0,0.0943,1.49e-05,0.00445,0.291,0.247,124.016,2mjhf9C6pE6oUkxF7mRyd7,spotify:track:2mjhf9C6pE6oUkxF7mRyd7,239027,4,metal
51,0.242,0.973,8,-4.739,1,0.148,2.57e-05,0.82,0.121,0.369,148.095,1bqxO1wuMODj6x7fiCCovB,spotify:track:1bqxO1wuMODj6x7fiCCovB,505147,4,metal
52,0.469,0.977,4,-5.458,1,0.0558,1.25e-05,0.691,0.045,0.727,127.971,4ug7b6iy2tYn3OryBRrGkH,spotify:track:4ug7b6iy2tYn3OryBRrGkH,187016,4,metal
53,0.457,0.991,5,-4.432,1,0.126,1.38e-05,0.159,0.26,0.189,100.041,1a1c2RbKhs6ozVLdrlWXJQ,spotify:track:1a1c2RbKhs6ozVLdrlWXJQ,240592,4,metal
54,0.491,0.933,9,-6.283,0,0.0484,1.18e-05,0.000134,0.221,0.426,90.007,4Ytkv0PncFeYbkJ58N9J3I,spotify:track:4Ytkv0PncFeYbkJ58N9J3I,236327,4,metal
55,0.377,0.977,5,-5.501,0,0.0788,9.89e-06,0.763,0.599,0.246,147.043,6hPlZWKfEk8bEF4SA71XMt,spotify:track:6hPlZWKfEk8bEF4SA71XMt,241159,4,metal
56,0.439,0.975,1,-3.798,1,0.131,0.000105,8.59e-05,0.228,0.636,172.018,0eeH8SFeeaIv0lQz61cyL2,spotify:track:0eeH8SFeeaIv0lQz61cyL2,246827,4,metal
57,0.517,0.98,7,-4.011,1,0.102,1.97e-06,0.00191,0.0758,0.0422,110.023,3AZoyMf5d6CvZowm2sa5y4,spotify:track:3AZoyMf5d6CvZowm2sa5y4,274827,4,metal
58,0.382,0.855,9,-8.068,1,0.038,0.000147,0.745,0.106,0.55,136.138,01tykAEjuZsAX5I1y0FLf8,spotify:track:01tykAEjuZsAX5I1y0FLf8,292735,4,metal
59,0.457,0.977,6,-3.794,1,0.0968,0.000375,1.2e-06,0.265,0.407,100.951,3p8mNusemqp0ejZaJVLiqi,spotify:track:3p8mNusemqp0ejZaJVLiqi,276547,4,metal
60,0.344,0.955,1,-10.614,1,0.0444,5.4e-06,0.111,0.0665,0.352,111.671,3pKsUMqpVr4ZJ13Mm91Xig,spotify:track:3pKsUMqpVr4ZJ13Mm91Xig,203680,4,metal
61,0.458,0.965,4,-7.605,0,0.143,0.000227,8.62e-05,0.196,0.0709,135.048,6sKD7OL6nPhkY8VcQuYdai,spotify:track:6sKD7OL6nPhkY8VcQuYdai,338748,4,metal
62,0.474,0.925,1,-4.483,1,0.0653,3.84e-06,0.000109,0.139,0.528,94.975,3T5Qp0PzqIVHw3tY1QIjyU,spotify:track:3T5Qp0PzqIVHw3tY1QIjyU,201960,4,metal
63,0.456,0.944,0,-4.458,1,0.0758,0.000136,0.194,0.297,0.49,175.026,4TW7ReI5Jzvm3TQ59DWA7v,spotify:track:4TW7ReI5Jzvm3TQ59DWA7v,243689,4,metal
64,0.455,0.983,1,-4.65,0,0.0738,0.000669,1.18e-05,0.15,0.313,143.009,12frB4w7ukdn1hzfBiWRjq,spotify:track:12frB4w7ukdn1hzfBiWRjq,217600,4,metal
65,0.486,0.75,0,-8.237,0,0.0544,0.0141,0.00139,0.104,0.229,141.966,6IVKiq8Xxhvg03MUtu5smv,spotify:track:6IVKiq8Xxhvg03MUtu5smv,306347,4,metal
66,0.571,0.905,4,-7.656,0,0.0513,0.00839,0.00162,0.109,0.457,88.098,25ZqVu02DsxzWkBCM3HSH8,spotify:track:25ZqVu02DsxzWkBCM3HSH8,341373,4,metal
67,0.535,0.95,4,-2.93,0,0.053,0.000172,2.67e-05,0.349,0.599,104.627,6FPYB4S5wawOFERTxlVCA6,spotify:track:6FPYB4S5wawOFERTxlVCA6,249094,4,metal
68,0.625,0.737,4,-8.438,0,0.0351,0.00939,0.0205,0.228,0.224,124.999,3uBjEUnGmq3JOhCEjFzHw8,spotify:track:3uBjEUnGmq3JOhCEjFzHw8,338255,4,metal
69,0.546,0.759,5,-6.904,0,0.0277,0.000372,0.379,0.103,0.547,96.996,722ZaBl6RTzYP3bq1P7Nit,spotify:track:722ZaBl6RTzYP3bq1P7Nit,236944,4,metal
70,0.448,0.99,1,-3.044,0,0.109,2.46e-05,0.0208,0.209,0.314,148.067,01PlEMEsHPNmGEzUGYXo7y,spotify:track:01PlEMEsHPNmGEzUGYXo7y,273638,4,metal
71,0.581,0.968,5,-5.749,0,0.042,0.000151,0.666,0.0599,0.605,120.013,4Asn26WKTDwVEx5sJrEc8T,spotify:track:4Asn26WKTDwVEx5sJrEc8T,302629,4,metal
72,0.574,0.917,9,-5.389,1,0.0494,0.00028,8.14e-06,0.308,0.378,125.007,3Ozsvtb47qZ0yzTxNTcPM0,spotify:track:3Ozsvtb47qZ0yzTxNTcPM0,279728,4,metal
73,0.55,0.96,11,-4.148,0,0.0452,8.84e-06,0.000558,0.0955,0.47,128.016,0g7Wb6Dbe2sfwdntWnkv1W,spotify:track:0g7Wb6Dbe2sfwdntWnkv1W,261160,4,metal
74,0.633,0.846,7,-6.347,1,0.0337,0.000819,0.00139,0.0762,0.448,89.23,1PhLYngBKbeDtdmDzCg3Pb,spotify:track:1PhLYngBKbeDtdmDzCg3Pb,323933,4,metal
75,0.254,0.929,1,-6.652,0,0.0527,6.77e-06,0.625,0.176,0.563,140.271,46wMCxSguASbKzxmcgPZB7,spotify:track:46wMCxSguASbKzxmcgPZB7,282880,4,metal
76,0.544,0.979,5,-5.201,0,0.0642,3.36e-05,0.771,0.106,0.435,144.985,4dVudcK5JtTjsz2pjWfHni,spotify:track:4dVudcK5JtTjsz2pjWfHni,322680,4,metal
77,0.584,0.854,11,-4.13,0,0.0293,0.000999,8.81e-05,0.48,0.584,119.978,5YAsSHVStxtvvwV00I5YS1,spotify:track:5YAsSHVStxtvvwV00I5YS1,297227,4,metal
78,0.479,0.759,1,-6.355,1,0.0465,0.00804,0.000604,0.198,0.193,179.969,07QtZcsiO25zCmq7oQ8utc,spotify:track:07QtZcsiO25zCmq7oQ8utc,265002,4,metal
79,0.606,0.96,1,-6.462,1,0.131,0.024,0.167,0.201,0.148,101.972,6tk9GCcjDX5racqg7r6M4R,spotify:track:6tk9GCcjDX5racqg7r6M4R,258228,4,metal
80,0.452,0.942,0,-4.308,1,0.0572,0.00354,0.0,0.24,0.319,76.996,29pGGSryvaKUklXcCkpiBI,spotify:track:29pGGSryvaKUklXcCkpiBI,246547,4,metal
81,0.52,0.967,1,-5.698,1,0.0677,8.11e-05,0.769,0.102,0.331,101.006,6usbiVjaHuYUlt1HbCmgCT,spotify:track:6usbiVjaHuYUlt1HbCmgCT,242773,4,metal
82,0.447,0.952,0,-7.439,0,0.0512,8.67e-05,3.31e-06,0.449,0.37,140.05,4Zcl7dDFtMU5bLlzDDxkZ8,spotify:track:4Zcl7dDFtMU5bLlzDDxkZ8,197467,4,metal
83,0.457,0.973,11,-4.146,0,0.0709,3.73e-06,3.16e-06,0.311,0.379,105.015,3ojlZUEkinb7XA4tZuvx3y,spotify:track:3ojlZUEkinb7XA4tZuvx3y,255685,4,metal
84,0.446,0.904,2,-5.787,1,0.0432,5.85e-05,0.000123,0.191,0.636,152.975,6syHCS66oykczN2ZN7zQPX,spotify:track:6syHCS66oykczN2ZN7zQPX,239867,4,metal
85,0.515,0.984,9,-3.175,0,0.161,1.84e-06,0.0118,0.103,0.246,133.625,1V0dmLDJl5O68IphFsom9a,spotify:track:1V0dmLDJl5O68IphFsom9a,237838,4,metal
86,0.283,0.944,11,-7.202,0,0.18,0.00163,0.234,0.101,0.0681,147.989,3QmT40QBlxr4n5AxhOSxkf,spotify:track:3QmT40QBlxr4n5AxhOSxkf,481125,4,metal
87,0.312,0.991,2,-4.821,0,0.0822,1.71e-05,0.405,0.309,0.374,170.093,1NMJOg7jOnXkXlKUKSETtZ,spotify:track:1NMJOg7jOnXkXlKUKSETtZ,249159,4,metal
88,0.416,0.904,2,-5.356,1,0.036,0.000398,0.000171,0.186,0.554,142.97,4xD8Pb5UGURJwnn9vi2Igu,spotify:track:4xD8Pb5UGURJwnn9vi2Igu,248960,4,metal
89,0.525,0.895,11,-5.597,1,0.0373,0.000216,0.372,0.0922,0.52,129.937,1e77ThmggJKvG4NeRWUrLB,spotify:track:1e77ThmggJKvG4NeRWUrLB,272203,4,metal
90,0.394,0.924,2,-4.786,0,0.0549,2.5e-05,7.11e-05,0.319,0.561,174.796,3pKt0cqu9kyUzftP41AXXh,spotify:track:3pKt0cqu9kyUzftP41AXXh,248133,4,metal
91,0.458,0.96,0,-3.353,0,0.101,0.00224,0.00112,0.114,0.263,140.037,0eQLg5pGbPIxV04WgAgmma,spotify:track:0eQLg5pGbPIxV04WgAgmma,239980,4,metal
92,0.526,0.944,6,-3.815,0,0.144,0.000207,1.76e-05,0.0994,0.281,112.531,5nYKbDASgvCDV4BLVmuGv4,spotify:track:5nYKbDASgvCDV4BLVmuGv4,275248,4,metal
93,0.479,0.984,5,-3.258,1,0.0567,5.72e-05,0.0461,0.0946,0.492,140.936,2e3BYKQxVqrwDNBthAVMRf,spotify:track:2e3BYKQxVqrwDNBthAVMRf,320638,4,metal
94,0.594,0.893,6,-4.478,0,0.0405,0.000144,0.000958,0.151,0.788,128.017,4lzDJauxyAWzUNNmwImSkJ,spotify:track:4lzDJauxyAWzUNNmwImSkJ,248960,4,metal
95,0.414,0.978,8,-3.144,0,0.0913,0.000268,0.364,0.0998,0.253,174.045,008eogHQPXUzUuIURJoZuJ,spotify:track:008eogHQPXUzUuIURJoZuJ,229901,4,metal
96,0.194,0.882,0,-5.587,1,0.0633,0.000166,0.0811,0.062,0.0994,138.183,5NS3gor1NtqKcp55Y6M2oD,spotify:track:5NS3gor1NtqKcp55Y6M2oD,330813,4,metal
97,0.416,0.984,4,-3.116,0,0.277,0.00525,0.0,0.367,0.415,97.503,5cbH16EGi9Vop7CtemHgbR,spotify:track:5cbH16EGi9Vop7CtemHgbR,243111,4,metal
98,0.17,0.989,1,-3.333,1,0.133,3.8e-05,0.544,0.0725,0.343,94.465,6SvjyJTHQiE0hNtW8onMuR,spotify:track:6SvjyJTHQiE0hNtW8onMuR,283720,4,metal
99,0.45,0.939,0,-3.474,0,0.0979,0.000236,0.0,0.186,0.281,149.973,6VDQFrgoZmTR0nKVCFXMtc,spotify:track:6VDQFrgoZmTR0nKVCFXMtc,261378,4,metal
100,0.385,0.967,4,-6.492,1,0.0774,4.77e-05,0.000295,0.152,0.549,173.956,1nyWwcHxvkQvjyJkImBb77,spotify:track:1nyWwcHxvkQvjyJkImBb77,315467,4,metal
101,0.353,0.946,8,-4.338,0,0.07,5.92e-05,0.0448,0.0904,0.164,177.001,3L8Bjiv40wAcxxmRrXUOwq,spotify:track:3L8Bjiv40wAcxxmRrXUOwq,311193,3,metal
102,0.424,0.971,10,-7.376,0,0.13,7.12e-06,0.0302,0.214,0.322,146.016,74pjm7MZkov3oHfPQLZKoR,spotify:track:74pjm7MZkov3oHfPQLZKoR,230680,4,metal
103,0.25,0.946,2,-3.712,0,0.136,0.00963,0.000805,0.289,0.349,160.878,5YezFqlDub2RcIDSCPcpu1,spotify:track:5YezFqlDub2RcIDSCPcpu1,349736,4,metal
104,0.419,0.899,3,-7.653,0,0.0667,3.1e-05,0.0,0.201,0.315,141.74,5XacDuEUZ40blaEX7e3vJ7,spotify:track:5XacDuEUZ40blaEX7e3vJ7,235213,4,metal
105,0.37,0.993,5,-3.551,1,0.13,0.00015,0.0692,0.364,0.295,172.025,34JGsiDkpgQ9KtjKNOO3h4,spotify:track:34JGsiDkpgQ9KtjKNOO3h4,217160,4,metal
106,0.402,0.647,11,-7.243,0,0.032,0.00281,1.77e-05,0.111,0.508,167.973,0ojGXbSAH6INkZX24Kfs2u,spotify:track:0ojGXbSAH6INkZX24Kfs2u,287467,4,metal
107,0.657,0.782,7,-5.906,1,0.0362,0.000552,3.42e-05,0.0573,0.675,117.036,4YHFUrqEXEvHiiYx2NFwVE,spotify:track:4YHFUrqEXEvHiiYx2NFwVE,247867,4,metal
108,0.466,0.912,1,-5.141,0,0.0466,7.75e-05,0.00294,0.284,0.661,136.035,3a61be1anmjh3hzBrQzlYn,spotify:track:3a61be1anmjh3hzBrQzlYn,206563,4,metal
109,0.458,0.951,6,-4.936,1,0.075,0.000254,0.00262,0.109,0.495,155.073,0x4rHQ1Syor8YChasHuRJg,spotify:track:0x4rHQ1Syor8YChasHuRJg,266467,4,metal
110,0.437,0.957,2,-1.913,1,0.0617,2.8e-05,0.000575,0.091,0.241,172.019,7HMC4F7fwmR1hhkqrKfKJi,spotify:track:7HMC4F7fwmR1hhkqrKfKJi,210343,4,metal
111,0.334,0.923,4,-3.143,0,0.0901,0.0163,0.0,0.274,0.25,179.977,0fNSEGMYMcJpQIcLpUq9FT,spotify:track:0fNSEGMYMcJpQIcLpUq9FT,346053,3,metal
112,0.495,0.965,1,-6.744,0,0.0781,0.00039,3.35e-06,0.305,0.466,151.968,2xMEKnHsZLusGWXSCaKkh9,spotify:track:2xMEKnHsZLusGWXSCaKkh9,202453,4,metal
113,0.455,0.912,1,-9.305,1,0.12,0.0257,0.605,0.43,0.241,139.937,4xcyvmg5RAdxdQRzvApaUN,spotify:track:4xcyvmg5RAdxdQRzvApaUN,354653,4,metal
114,0.522,0.954,0,-6.468,1,0.0514,0.00283,0.197,0.119,0.329,105.012,2IwBtsToltEHPDn8QJqHaC,spotify:track:2IwBtsToltEHPDn8QJqHaC,326772,4,metal
115,0.135,0.939,7,-5.644,1,0.137,1.99e-05,0.0561,0.112,0.17,91.422,5bh6QfHWuR1YdnKOdj8kYA,spotify:track:5bh6QfHWuR1YdnKOdj8kYA,372627,3,metal
116,0.493,0.975,0,-3.391,1,0.0832,4.2e-05,0.76,0.208,0.207,100.001,04I8CtevYCYmQeTrre9CZC,spotify:track:04I8CtevYCYmQeTrre9CZC,215467,4,metal
117,0.544,0.944,4,-6.161,1,0.0522,0.00266,1.48e-06,0.103,0.572,135.076,0TpukZ7KJGyxYGFe6AgtOD,spotify:track:0TpukZ7KJGyxYGFe6AgtOD,191670,4,metal
118,0.376,0.926,2,-5.102,0,0.0962,2.79e-05,0.846,0.384,0.232,142.158,4w6GKkwtaw8x5MQ3l3cPPn,spotify:track:4w6GKkwtaw8x5MQ3l3cPPn,239142,4,metal
119,0.446,0.965,9,-4.821,0,0.0676,6.4e-05,0.000136,0.241,0.544,164.03,1YzpldeqIg9ajimliORKzK,spotify:track:1YzpldeqIg9ajimliORKzK,211600,4,metal
120,0.36,0.99,8,-4.444,1,0.17,1.25e-05,3.12e-05,0.172,0.151,191.99,0LtZ0J7wBewtpjA6w98MlC,spotify:track:0LtZ0J7wBewtpjA6w98MlC,313355,4,metal
121,0.425,0.938,8,-6.223,1,0.0917,0.00254,0.0353,0.207,0.151,146.01,7uV7feIzEHk0TS1xWw4zwU,spotify:track:7uV7feIzEHk0TS1xWw4zwU,255238,4,metal
122,0.311,0.988,7,-3.397,1,0.113,2.83e-05,0.13,0.132,0.269,195.058,2AjEKcRXkntPkujLXp6hGD,spotify:track:2AjEKcRXkntPkujLXp6hGD,279692,3,metal
123,0.318,0.984,2,-4.588,1,0.102,0.000149,0.788,0.127,0.0509,123.005,6V1tb8rFw1nPeOXX4sccTC,spotify:track:6V1tb8rFw1nPeOXX4sccTC,348100,4,metal
124,0.349,0.907,1,-4.545,1,0.142,4.51e-05,5.62e-05,0.196,0.326,164.057,5MgL0ccriqgDP1Gq3pwNNO,spotify:track:5MgL0ccriqgDP1Gq3pwNNO,189499,4,metal
125,0.343,0.967,2,-5.088,0,0.16,1.34e-05,0.00302,0.0556,0.222,169.929,4K21taEZsYaCLsWosMcqeq,spotify:track:4K21taEZsYaCLsWosMcqeq,230093,4,metal
126,0.534,0.969,3,-3.378,1,0.0535,0.000359,0.564,0.269,0.598,75.005,3iUJrkMilUVkUKtYZK7Th4,spotify:track:3iUJrkMilUVkUKtYZK7Th4,376920,4,metal
127,0.457,0.979,5,-3.836,1,0.0485,9.8e-06,0.119,0.123,0.227,127.006,1cqOwtA698krc8BKMUj4lt,spotify:track:1cqOwtA698krc8BKMUj4lt,320507,4,metal
128,0.432,0.917,7,-6.217,1,0.0496,6.73e-05,0.00197,0.121,0.487,149.938,3B2BYW1eovn4zK4iOm13TJ,spotify:track:3B2BYW1eovn4zK4iOm13TJ,281640,4,metal
129,0.542,0.932,3,-4.456,0,0.0707,0.000534,0.129,0.386,0.376,112.474,1dPLUFDn4ZnmCQRslS6vMm,spotify:track:1dPLUFDn4ZnmCQRslS6vMm,201405,4,metal
130,0.235,0.989,2,-3.79,1,0.185,1.91e-05,0.0249,0.56,0.213,169.966,4lNksX77bs7kU9qNMjUvzP,spotify:track:4lNksX77bs7kU9qNMjUvzP,251573,4,metal
131,0.586,0.955,11,-6.572,0,0.0684,0.000107,0.253,0.242,0.324,126.024,4FBNk8oVjE2ZURNW2856A8,spotify:track:4FBNk8oVjE2ZURNW2856A8,184127,4,metal
132,0.302,0.917,3,-4.357,0,0.0773,0.0127,0.0461,0.117,0.0839,119.957,0QBSV8U9hl1GkdFilmQFNp,spotify:track:0QBSV8U9hl1GkdFilmQFNp,539025,4,metal
133,0.548,0.887,5,-4.187,0,0.0331,0.00616,0.0,0.432,0.38,133.04,2va05YoGLMgWLiVnQJFOQa,spotify:track:2va05YoGLMgWLiVnQJFOQa,237744,4,metal
134,0.513,0.946,1,-5.03,0,0.11,3.35e-05,5.28e-05,0.126,0.614,94.96,1PFKsXase0JFt1KVH6qm5P,spotify:track:1PFKsXase0JFt1KVH6qm5P,199587,4,metal
135,0.368,0.951,11,-5.973,0,0.105,8.26e-05,3.66e-05,0.203,0.0796,184.031,5yxBjLv4Zh3VLp4kSvoZyG,spotify:track:5yxBjLv4Zh3VLp4kSvoZyG,277187,4,metal
136,0.416,0.9,9,-4.561,0,0.05,0.00375,4.46e-05,0.194,0.438,74.969,1CfIgWmS5LuZMinBMjxuWc,spotify:track:1CfIgWmS5LuZMinBMjxuWc,276987,4,metal
137,0.496,0.963,1,-5.148,1,0.085,3.97e-05,0.00173,0.0879,0.244,130.026,40uoWwjCun3axkfsQSUa8Z,spotify:track:40uoWwjCun3axkfsQSUa8Z,188769,4,metal
138,0.308,0.953,5,-4.645,1,0.123,0.000159,0.00154,0.295,0.291,118.051,1K39nmA9tBudF6jNiV1iO6,spotify:track:1K39nmA9tBudF6jNiV1iO6,252189,4,metal
139,0.474,0.976,10,-5.616,0,0.104,1.16e-05,7.87e-05,0.281,0.162,139.968,0Q81O7nuF9F1WxAyQ8UtEJ,spotify:track:0Q81O7nuF9F1WxAyQ8UtEJ,250987,4,metal
0,0.308,0.866,2,-5.671,0,0.059,0.000739,0.00141,0.232,0.227,109.825,6p8eFfPw3nQkf37aT3AkmK,spotify:track:6p8eFfPw3nQkf37aT3AkmK,438120,4,metal
2,0.577,0.828,6,-8.691,0,0.0298,0.00213,0.0114,0.0581,0.604,123.257,5sICkBXVmaCQk5aISGR3x1,spotify:track:5sICkBXVmaCQk5aISGR3x1,331267,4,metal
4,0.466,0.833,7,-4.215,1,0.304,0.0266,0.0,0.0327,0.661,88.785,59WN2psjkt1tyaxjspN8fp,spotify:track:59WN2psjkt1tyaxjspN8fp,313573,4,metal
5,0.35,0.985,10,-5.676,0,0.122,0.00876,0.551,0.36,0.323,151.007,0dlTGl67UFWcKupzkxZYOn,spotify:track:0dlTGl67UFWcKupzkxZYOn,343640,4,metal
6,0.364,0.922,0,-4.217,0,0.0567,0.000915,0.0346,0.0697,0.227,79.342,4e9eGQYsOiBcftrWXwsVco,spotify:track:4e9eGQYsOiBcftrWXwsVco,235053,4,metal
7,0.532,0.941,9,-9.025,1,0.0465,0.000579,0.0527,0.15,0.278,102.198,5CPXR6lDTvngxtmMZxnWmC,spotify:track:5CPXR6lDTvngxtmMZxnWmC,493933,4,metal
8,0.283,0.891,2,-8.165,1,0.178,0.00678,0.0038,0.159,0.226,92.049,1pr9TZGOXeJUggIal1Wq3R,spotify:track:1pr9TZGOXeJUggIal1Wq3R,258267,4,metal
9,0.435,0.987,1,-4.667,0,0.16,0.000195,0.0847,0.268,0.101,103.16,0L7zm6afBEtrNKo6C6Gj08,spotify:track:0L7zm6afBEtrNKo6C6Gj08,365827,4,metal
10,0.272,0.747,5,-4.86,0,0.0401,0.000393,4.03e-05,0.16,0.255,202.777,6olS0TmHmsGr0hXtcBsiVM,spotify:track:6olS0TmHmsGr0hXtcBsiVM,262133,4,metal
11,0.274,0.726,9,-11.541,1,0.0449,0.000212,0.0113,0.0993,0.426,146.449,4vJr55lngvhSM8WIh9CjQc,spotify:track:4vJr55lngvhSM8WIh9CjQc,422933,4,metal
12,0.511,0.97,10,-3.72,1,0.0414,5.6e-06,0.00136,0.18,0.566,132.986,2R6UrJ8uWbSIiHWmvRQvN8,spotify:track:2R6UrJ8uWbSIiHWmvRQvN8,304693,4,metal
13,0.42,0.911,10,-10.098,0,0.102,0.000611,0.00255,0.0539,0.458,127.671,1bcioXEBfobgGko8dsexRr,spotify:track:1bcioXEBfobgGko8dsexRr,164267,4,metal
14,0.159,0.946,9,-5.756,1,0.0629,0.0235,8.06e-06,0.387,0.309,165.014,4A065x9kJt955eGVqf813g,spotify:track:4A065x9kJt955eGVqf813g,149467,1,metal
15,0.538,0.835,11,-7.637,1,0.0265,3.24e-05,2.7e-06,0.219,0.667,97.958,65JrmVnWM5KzM1WrXIY0tI,spotify:track:65JrmVnWM5KzM1WrXIY0tI,275160,4,metal
17,0.43,0.704,1,-8.008,0,0.0804,0.000155,0.00221,0.0933,0.703,118.242,7fcfNW0XxTWlwVlftzfDOR,spotify:track:7fcfNW0XxTWlwVlftzfDOR,315120,4,metal
18,0.353,0.898,2,-5.877,1,0.052,2.23e-05,0.105,0.39,0.525,103.293,6W21LNLz9Sw7sUSNWMSHRu,spotify:track:6W21LNLz9Sw7sUSNWMSHRu,255733,4,metal
19,0.624,0.876,7,-6.005,1,0.0342,0.000926,0.00164,0.0561,0.453,89.24,5UaDi8KzCGJqFfVAOBfXhi,spotify:track:5UaDi8KzCGJqFfVAOBfXhi,324600,4,metal
20,0.325,0.985,11,-3.941,1,0.151,0.00177,0.107,0.351,0.221,125.307,5LyRtsQLhcXmy50VXhQXXS,spotify:track:5LyRtsQLhcXmy50VXhQXXS,392600,4,metal
21,0.417,0.934,7,-3.908,0,0.119,0.000278,0.0015,0.132,0.287,127.066,2DlHlPMa4M17kufBvI2lEN,spotify:track:2DlHlPMa4M17kufBvI2lEN,210240,4,metal
22,0.432,0.884,8,-6.659,1,0.13,0.0127,0.000527,0.166,0.624,108.948,5cZqsjVs6MevCnAkasbEOX,spotify:track:5cZqsjVs6MevCnAkasbEOX,166707,4,metal
23,0.382,0.996,7,-4.119,1,0.104,0.00208,0.0,0.417,0.327,93.345,2gscB6kDOmrv1P6qs2KXE3,spotify:track:2gscB6kDOmrv1P6qs2KXE3,147840,4,metal
24,0.49,0.951,1,-3.777,1,0.0477,2.02e-05,0.0027,0.0314,0.589,106.946,6FUwPb4mGlUDbx42uspXaZ,spotify:track:6FUwPb4mGlUDbx42uspXaZ,269800,4,metal
25,0.486,0.938,1,-6.652,1,0.0704,1.79e-05,0.000103,0.361,0.525,125.816,5Ds35L9KpUDKgSxZ6whuoQ,spotify:track:5Ds35L9KpUDKgSxZ6whuoQ,152560,4,metal
26,0.459,0.926,4,-3.415,1,0.155,0.0239,1.93e-05,0.183,0.569,151.534,2rBHnIxbhkMGLpqmsNX91M,spotify:track:2rBHnIxbhkMGLpqmsNX91M,243453,4,metal
27,0.272,0.958,0,-10.797,1,0.381,0.00195,4.63e-05,0.0915,0.0382,136.867,203xxdlledLFnkqrUleD72,spotify:track:203xxdlledLFnkqrUleD72,348093,4,metal
28,0.413,0.873,8,-4.151,1,0.0536,0.000264,0.00249,0.204,0.48,116.68,0snQkGI5qnAmohLE7jTsTn,spotify:track:0snQkGI5qnAmohLE7jTsTn,218933,3,metal
29,0.498,0.901,6,-6.724,0,0.0511,0.00102,0.000729,0.104,0.572,96.916,57IEwDDEj8q9UQKc0MNR2x,spotify:track:57IEwDDEj8q9UQKc0MNR2x,258267,4,metal
30,0.468,0.769,4,-7.036,1,0.041,0.00014,0.00124,0.271,0.17,104.102,2F6FfZ4w8z3eJpSxPotVO5,spotify:track:2F6FfZ4w8z3eJpSxPotVO5,270920,4,metal
31,0.444,0.911,11,-6.117,0,0.0398,0.0139,0.00955,0.0868,0.556,106.437,7DuRbuweGD2cpGN74cpPAF,spotify:track:7DuRbuweGD2cpGN74cpPAF,282507,4,metal
32,0.591,0.963,0,-6.489,0,0.0531,8.74e-05,0.000107,0.0781,0.609,125.03,6Nm8h73ycDG2saCnZV8poF,spotify:track:6Nm8h73ycDG2saCnZV8poF,222827,4,metal
33,0.54,0.584,7,-9.579,1,0.0254,0.0108,0.00296,0.253,0.244,139.261,4aYLAF6ckQ5ooGGGM7sWAa,spotify:track:4aYLAF6ckQ5ooGGGM7sWAa,386493,4,metal
34,0.64,0.922,9,-6.283,0,0.0385,0.00369,0.055,0.332,0.716,125.105,5awDvzxWfd53SSrsRZ8pXO,spotify:track:5awDvzxWfd53SSrsRZ8pXO,234227,4,metal
35,0.342,0.987,3,-4.42,1,0.205,0.000262,0.00025,0.172,0.0418,110.125,0t1lDXmMWBzF6mfnQ6KwqZ,spotify:track:0t1lDXmMWBzF6mfnQ6KwqZ,320520,4,metal
36,0.443,0.781,1,-4.277,1,0.0377,1.33e-05,0.205,0.166,0.372,71.841,1158ckiB5S4cpsdYHDB9IF,spotify:track:1158ckiB5S4cpsdYHDB9IF,214760,4,metal
37,0.375,0.682,0,-6.898,0,0.0364,0.00152,0.598,0.0897,0.396,159.23,6AioOohg4bQZFA4jIYQQ2r,spotify:track:6AioOohg4bQZFA4jIYQQ2r,363067,4,metal
38,0.527,0.907,8,-5.772,1,0.0377,8.39e-05,0.00755,0.0891,0.364,112.089,30RKGpKHqr7ytcTljw436k,spotify:track:30RKGpKHqr7ytcTljw436k,329760,4,metal
39,0.669,0.656,9,-10.549,1,0.0413,0.00113,0.000252,0.0989,0.464,108.098,62HyVeSK4fpxjKj6dsI5MP,spotify:track:62HyVeSK4fpxjKj6dsI5MP,259866,4,metal
40,0.684,0.851,9,-9.792,1,0.0407,0.000613,0.0029,0.535,0.512,112.662,4tvBoSWeIW0bjhKNre5mod,spotify:track:4tvBoSWeIW0bjhKNre5mod,234080,4,metal
41,0.451,0.889,1,-2.693,1,0.261,0.00167,0.00215,0.258,0.586,131.073,7cWBlhe7dt3nHipbII25m1,spotify:track:7cWBlhe7dt3nHipbII25m1,153800,4,metal
42,0.497,0.947,0,-8.802,1,0.0391,8.21e-05,0.000693,0.118,0.588,90.371,6nxHMqTNKWlQnx5AFxz1iX,spotify:track:6nxHMqTNKWlQnx5AFxz1iX,217907,4,metal
43,0.47,0.978,11,-5.437,1,0.162,0.00298,0.0,0.41,0.0708,111.223,39E1yxw6gHQbnFlCqIMYHI,spotify:track:39E1yxw6gHQbnFlCqIMYHI,296307,4,metal
44,0.419,0.878,7,-6.352,1,0.0553,0.000594,0.559,0.139,0.666,147.385,2M5WTwqnkyz7bW6P1CiD6q,spotify:track:2M5WTwqnkyz7bW6P1CiD6q,264800,4,metal
45,0.335,0.849,0,-6.927,1,0.321,0.00193,0.254,0.0928,0.256,181.716,0nLOl4fSiBZKGFla5pLUtf,spotify:track:0nLOl4fSiBZKGFla5pLUtf,399267,3,metal
46,0.487,0.976,7,-7.567,1,0.105,6.8e-06,0.352,0.242,0.305,133.176,49IA4BhFCOWZQ7A7wxfa4e,spotify:track:49IA4BhFCOWZQ7A7wxfa4e,208667,4,metal
47,0.499,0.934,8,-3.661,0,0.0966,0.0468,3.13e-06,0.703,0.357,110.044,4sOlbksuGHyUkSafNnho2f,spotify:track:4sOlbksuGHyUkSafNnho2f,321573,4,metal
48,0.668,0.788,5,-6.752,1,0.0424,7.48e-05,0.108,0.0792,0.692,137.38,7hgtn706RqLE5q1mWe8aQx,spotify:track:7hgtn706RqLE5q1mWe8aQx,251533,4,metal
49,0.412,0.939,11,-5.573,1,0.168,0.0471,0.066,0.214,0.328,170.133,66uYWEw9gJxkPw6STqNcKl,spotify:track:66uYWEw9gJxkPw6STqNcKl,208707,4,metal
50,0.263,0.97,5,-4.182,0,0.163,0.00338,0.000795,0.0922,0.17,151.729,3Ky8IzV8IVSwijtaTWB2SK,spotify:track:3Ky8IzV8IVSwijtaTWB2SK,397827,4,metal
51,0.544,0.917,5,-6.086,1,0.0788,0.0306,5.32e-06,0.064,0.642,140.639,6g48vpikqU2atsrDXdGzKo,spotify:track:6g48vpikqU2atsrDXdGzKo,212693,4,metal
52,0.405,0.932,7,-11.151,1,0.0929,0.00215,0.0317,0.072,0.408,194.639,4GMQOjbWshf4Mzphkjg0DJ,spotify:track:4GMQOjbWshf4Mzphkjg0DJ,322933,4,metal
53,0.437,0.94,10,-5.467,1,0.0895,0.00616,0.0055,0.0898,0.426,95.171,2rKz4ihTRHCD0RpNaO1ANJ,spotify:track:2rKz4ihTRHCD0RpNaO1ANJ,287667,4,metal
54,0.636,0.743,10,-7.112,1,0.0354,0.000231,0.665,0.123,0.356,95.821,09bkkXFpOVi3aPLvByyWD5,spotify:track:09bkkXFpOVi3aPLvByyWD5,355933,4,metal
55,0.539,0.982,0,-4.495,1,0.0592,1.42e-05,0.462,0.371,0.145,132.984,0Vcpo9El50PNNbZXfKbNti,spotify:track:0Vcpo9El50PNNbZXfKbNti,310293,4,metal
56,0.286,0.728,0,-6.608,1,0.0616,0.000174,0.836,0.133,0.467,171.441,0pwObEOHolQZSldJ2q1wpy,spotify:track:0pwObEOHolQZSldJ2q1wpy,312120,4,metal
57,0.158,0.572,7,-6.293,0,0.0346,0.000926,0.893,0.144,0.347,79.176,69Yia3qCLw6N9U80WhLwLn,spotify:track:69Yia3qCLw6N9U80WhLwLn,223933,3,metal
58,0.481,0.981,6,-6.456,0,0.143,0.000148,0.0555,0.144,0.102,97.106,0MU1TyyAbuoXLGiQBgW9CI,spotify:track:0MU1TyyAbuoXLGiQBgW9CI,344360,4,metal
59,0.365,0.538,2,-6.951,1,0.035,0.00039,0.0869,0.198,0.314,79.863,0PicuPCfXDJyyRtOR1ukGW,spotify:track:0PicuPCfXDJyyRtOR1ukGW,245973,4,metal
60,0.637,0.658,2,-5.775,1,0.0291,0.00918,0.00229,0.295,0.328,96.072,0xrkyEMkG4dVa5OMLQZOX8,spotify:track:0xrkyEMkG4dVa5OMLQZOX8,264267,4,metal
61,0.281,0.916,9,-4.676,1,0.0655,0.0282,3.16e-06,0.157,0.532,146.645,40j3GW7l0R4EM12fHqNqM2,spotify:track:40j3GW7l0R4EM12fHqNqM2,283693,4,metal
62,0.348,0.7,4,-8.885,1,0.0611,0.0397,0.00228,0.106,0.416,93.614,6HtFpG2WX3TfB8oLLua3XJ,spotify:track:6HtFpG2WX3TfB8oLLua3XJ,675653,4,metal
63,0.428,0.874,4,-6.664,0,0.128,0.000337,0.0419,0.311,0.261,119.708,6ursmCnbc9oDRGa2yHKkoZ,spotify:track:6ursmCnbc9oDRGa2yHKkoZ,212253,4,metal
64,0.541,0.91,0,-5.114,1,0.0529,4.33e-06,0.597,0.79,0.397,125.076,0BX3ysoHJvxmLEhPMAfb2z,spotify:track:0BX3ysoHJvxmLEhPMAfb2z,292587,3,metal
65,0.385,0.673,2,-8.182,1,0.0329,0.000183,0.149,0.0721,0.187,149.271,6DyywdbmTzlmXBzG9ym7Rt,spotify:track:6DyywdbmTzlmXBzG9ym7Rt,306853,4,metal
66,0.57,0.866,2,-6.106,0,0.0281,9.87e-05,0.000355,0.144,0.358,98.551,0FxRbTtlo8AutEbifokqGf,spotify:track:0FxRbTtlo8AutEbifokqGf,217333,4,metal
67,0.332,0.988,8,-4.111,1,0.146,7.65e-05,0.0126,0.055,0.097,98.878,1E0yt5XSdjE9NOu897RilW,spotify:track:1E0yt5XSdjE9NOu897RilW,291733,4,metal
68,0.364,0.982,6,-7.034,0,0.195,6.65e-05,0.0124,0.163,0.127,113.772,3fkCcM1txNmc5YsqfwiAQp,spotify:track:3fkCcM1txNmc5YsqfwiAQp,392800,4,metal
69,0.496,0.62,4,-7.458,0,0.0265,0.00386,1.47e-06,0.114,0.279,140.06,1fvlJQrm3yoN2TpKH5FgiR,spotify:track:1fvlJQrm3yoN2TpKH5FgiR,384013,4,metal
70,0.38,0.994,7,-4.638,1,0.124,0.000536,0.00128,0.0956,0.267,96.325,1g8lVIsEkDaGD1nKw6fwUb,spotify:track:1g8lVIsEkDaGD1nKw6fwUb,199881,4,metal
71,0.344,0.955,1,-10.614,1,0.0444,5.4e-06,0.111,0.0665,0.352,111.67,2qPOCBPDAfDTMFAgUZefw0,spotify:track:2qPOCBPDAfDTMFAgUZefw0,203680,4,metal
72,0.35,0.896,9,-10.907,1,0.0574,4.94e-05,0.0255,0.309,0.493,115.065,1CRS7nh71URmTUbKAvgqPg,spotify:track:1CRS7nh71URmTUbKAvgqPg,248667,4,metal
73,0.475,0.953,2,-6.951,1,0.15,0.000291,0.00338,0.104,0.232,118.033,2OoS1aZFAFscH1cUiKlazH,spotify:track:2OoS1aZFAFscH1cUiKlazH,199227,4,metal
75,0.278,0.937,7,-6.952,1,0.168,0.000535,0.118,0.227,0.29,154.244,3qHlBxD3acw5nrl7Padt0v,spotify:track:3qHlBxD3acw5nrl7Padt0v,296627,3,metal
76,0.348,0.973,10,-4.818,0,0.0716,0.000457,0.781,0.135,0.374,152.235,6WBdwdLLif4kuG3s6ot8uB,spotify:track:6WBdwdLLif4kuG3s6ot8uB,133067,1,metal
77,0.573,0.929,11,-5.996,1,0.082,0.00218,0.0723,0.718,0.284,97.57,1TEZWG1FdjzDdercCguTwj,spotify:track:1TEZWG1FdjzDdercCguTwj,289560,4,metal
78,0.335,0.887,1,-9.044,1,0.0719,0.00301,0.615,0.106,0.158,105.29,2G99JtIngAKV9LnMBzQUXG,spotify:track:2G99JtIngAKV9LnMBzQUXG,986827,4,metal
79,0.439,0.983,3,-4.911,1,0.123,1.31e-05,0.319,0.183,0.262,156.977,0Lc3diklqgtWER4cnESn8u,spotify:track:0Lc3diklqgtWER4cnESn8u,256333,4,metal
80,0.67,0.755,3,-7.416,1,0.031,0.000358,0.244,0.344,0.813,111.984,1hNE737dkYD9ZM1J8H9chv,spotify:track:1hNE737dkYD9ZM1J8H9chv,289267,4,metal
81,0.357,0.905,1,-7.787,1,0.0523,0.00395,0.000417,0.375,0.546,81.294,5gnjaZqOaqE5GZKjby8KoT,spotify:track:5gnjaZqOaqE5GZKjby8KoT,330227,4,metal
82,0.674,0.907,1,-6.706,1,0.0714,0.000386,0.608,0.104,0.576,101.449,6JgxvNYi44NFHCtQmZncTv,spotify:track:6JgxvNYi44NFHCtQmZncTv,268760,4,metal
83,0.331,0.946,7,-4.599,1,0.0775,0.0309,5.62e-06,0.254,0.534,139.965,2W2eaLVKv9NObcLXlYRZZo,spotify:track:2W2eaLVKv9NObcLXlYRZZo,159773,4,metal
84,0.493,0.938,11,-6.526,1,0.105,4.7e-05,0.0339,0.0851,0.567,136.521,5Z7U8TRHAlX2uL2lVYv5Wa,spotify:track:5Z7U8TRHAlX2uL2lVYv5Wa,205507,4,metal
85,0.493,0.688,7,-8.1,0,0.0322,0.00407,0.213,0.121,0.173,116.73,6bLJbZK0ggPuCNIyeYwSFX,spotify:track:6bLJbZK0ggPuCNIyeYwSFX,364600,4,metal
86,0.512,0.84,2,-6.817,1,0.0464,0.0278,0.142,0.077,0.0589,134.466,2Ad7XA54Jw0YyBF5rjiFyl,spotify:track:2Ad7XA54Jw0YyBF5rjiFyl,178427,1,metal
87,0.411,0.92,0,-6.578,1,0.0529,0.0339,0.285,0.162,0.293,144.775,3qwngQo9qTC4lWLbNPayNm,spotify:track:3qwngQo9qTC4lWLbNPayNm,286600,4,metal
88,0.515,0.942,9,-8.789,1,0.0385,0.000342,0.227,0.0945,0.481,92.52,6WDMOh0LJY9EHO4aIE7dPh,spotify:track:6WDMOh0LJY9EHO4aIE7dPh,195880,4,metal
89,0.357,0.98,6,-6.835,1,0.079,5.22e-05,0.843,0.0768,0.368,96.969,4pFC6tuWErxbO61oFFq3BQ,spotify:track:4pFC6tuWErxbO61oFFq3BQ,242760,4,metal
90,0.601,0.831,2,-8.582,1,0.17,0.00086,0.0,0.102,0.296,120.962,1p50Ir1Hm6Sa1urjaLGi7L,spotify:track:1p50Ir1Hm6Sa1urjaLGi7L,211787,4,metal
91,0.117,0.983,2,-5.728,1,0.2,2.91e-06,0.0627,0.36,0.102,164.227,5UCZhWiEj8q5jid3zu8JKw,spotify:track:5UCZhWiEj8q5jid3zu8JKw,337000,4,metal
92,0.324,0.667,4,-5.373,0,0.0321,0.00562,3.56e-05,0.0873,0.29,142.503,2KKLuHN6zDxVnWtFKO8vo4,spotify:track:2KKLuHN6zDxVnWtFKO8vo4,351027,4,metal
93,0.233,0.706,1,-7.445,0,0.0511,0.459,0.0147,0.159,0.255,125.694,7akyedgeVgZeT6oD77nyHn,spotify:track:7akyedgeVgZeT6oD77nyHn,327547,3,metal
94,0.56,0.903,11,-4.77,1,0.0754,0.00132,0.0,0.291,0.581,143.821,6aF5JtQSrh7wNrkDE9B0My,spotify:track:6aF5JtQSrh7wNrkDE9B0My,177960,4,metal
95,0.303,0.27,3,-12.003,0,0.031,0.0147,0.00401,0.0661,0.0461,89.386,5w8agmmSkjBh4ScKCAtWqx,spotify:track:5w8agmmSkjBh4ScKCAtWqx,356400,4,metal
96,0.657,0.535,1,-9.715,1,0.047,0.000329,0.000492,0.318,0.738,132.257,3wYGlCudjkMRvgSC2UqfWS,spotify:track:3wYGlCudjkMRvgSC2UqfWS,188830,4,metal
97,0.196,0.995,4,-4.887,0,0.105,1.17e-06,0.0499,0.27,0.177,91.047,1PBhzfzTAZ5qyIfzqPqign,spotify:track:1PBhzfzTAZ5qyIfzqPqign,273120,4,metal
98,0.407,0.955,2,-4.164,1,0.164,0.0251,0.0,0.347,0.508,177.48,18ESXa5mEm1V4Pkt5GSXWx,spotify:track:18ESXa5mEm1V4Pkt5GSXWx,201107,4,metal
99,0.372,0.961,9,-6.765,0,0.0931,1.52e-05,0.0548,0.0916,0.159,115.336,1erRDf98WX0VllciGPYO1H,spotify:track:1erRDf98WX0VllciGPYO1H,198227,4,metal
100,0.278,0.654,7,-10.099,1,0.0383,0.00727,0.0417,0.266,0.557,180.004,2gOliXlK1v88H1fSbB6MBO,spotify:track:2gOliXlK1v88H1fSbB6MBO,227533,4,metal
101,0.358,0.981,2,-5.13,1,0.178,9.3e-05,0.000193,0.386,0.382,93.744,5vVKkF3xih38Vcoo4HgAo8,spotify:track:5vVKkF3xih38Vcoo4HgAo8,204880,4,metal
102,0.567,0.627,5,-12.229,1,0.0607,0.00678,0.274,0.14,0.704,94.869,2GI0AwCcgNFNWG2PT2CfnG,spotify:track:2GI0AwCcgNFNWG2PT2CfnG,254973,4,metal
103,0.386,0.959,1,-6.317,1,0.0414,0.138,0.0126,0.547,0.665,118.154,2Q0Tw6meB6xfZ4ONeIL35j,spotify:track:2Q0Tw6meB6xfZ4ONeIL35j,85867,4,metal
104,0.557,0.978,0,-3.965,1,0.0493,0.000393,4.42e-06,0.287,0.499,149.887,6O7pihLJgeqxUnG7u9oYL2,spotify:track:6O7pihLJgeqxUnG7u9oYL2,154907,4,metal
105,0.565,0.968,1,-5.165,1,0.0568,1.33e-05,0.188,0.089,0.693,108.003,5DoTRJlzMaGAMHPTDrfvfW,spotify:track:5DoTRJlzMaGAMHPTDrfvfW,248906,4,metal
106,0.53,0.99,0,-4.676,1,0.084,0.000968,0.0259,0.0626,0.582,148.524,2SA2tTWoELC0ciMuYRfbpT,spotify:track:2SA2tTWoELC0ciMuYRfbpT,221640,4,metal
107,0.315,0.993,4,-5.458,1,0.209,0.000165,0.00359,0.0714,0.0371,152.17,2kW45RgvG6cGkyAfq9ZlsZ,spotify:track:2kW45RgvG6cGkyAfq9ZlsZ,172027,5,metal
108,0.409,0.788,7,-5.209,0,0.0316,3.21e-06,0.734,0.526,0.324,146.005,4pVGf7BJe4i2qbPsrtbmga,spotify:track:4pVGf7BJe4i2qbPsrtbmga,344600,4,metal
109,0.497,0.914,6,-6.532,1,0.0601,0.00178,0.00105,0.258,0.16,133.738,34SVUs66rBnOqsCJl45Ek8,spotify:track:34SVUs66rBnOqsCJl45Ek8,254693,4,metal
110,0.518,0.948,6,-5.58,0,0.0683,0.00504,0.104,0.228,0.55,103.025,10V8XpuyMoEcSMfM79WDET,spotify:track:10V8XpuyMoEcSMfM79WDET,201400,4,metal
111,0.571,0.797,9,-9.264,1,0.0497,0.000786,0.186,0.0777,0.243,101.003,5P2Ghhv0wFYThHfDQaS0g5,spotify:track:5P2Ghhv0wFYThHfDQaS0g5,234560,4,metal
112,0.429,0.746,7,-4.917,1,0.0489,0.00108,7.09e-05,0.0835,0.664,88.656,2UZ9GX5u2B8zGJkbhTGe7d,spotify:track:2UZ9GX5u2B8zGJkbhTGe7d,257533,4,metal
113,0.371,0.993,0,-3.028,0,0.0767,3.14e-05,0.679,0.171,0.141,150.072,3wfjxKLWPVm7SXHtXnTeY1,spotify:track:3wfjxKLWPVm7SXHtXnTeY1,234573,4,metal
114,0.584,0.976,1,-3.868,1,0.156,0.00432,0.0408,0.333,0.535,140.304,3qCQNtggJw1gxoptMgDhyR,spotify:track:3qCQNtggJw1gxoptMgDhyR,201933,4,metal
115,0.343,0.982,1,-5.302,0,0.191,8.78e-05,0.213,0.211,0.372,100.74,4mbljJEr6SyhcImsdSWmz0,spotify:track:4mbljJEr6SyhcImsdSWmz0,259693,4,metal
116,0.312,0.967,4,-6.48,0,0.172,0.00096,0.0974,0.221,0.149,89.916,55Eta7ne9rL3xDdSFxyNW2,spotify:track:55Eta7ne9rL3xDdSFxyNW2,296787,4,metal
117,0.29,0.917,8,-12.687,1,0.101,0.000188,0.659,0.0814,0.148,93.009,2hICwJIB9XPBWcBdkkbXHE,spotify:track:2hICwJIB9XPBWcBdkkbXHE,322267,4,metal
118,0.427,0.79,10,-12.396,1,0.0513,4.18e-05,0.51,0.344,0.443,111.298,7mTceRxYae4a5xkEhTgdqq,spotify:track:7mTceRxYae4a5xkEhTgdqq,330987,4,metal
119,0.352,0.65,5,-13.169,1,0.0415,0.00254,0.286,0.174,0.464,123.607,6qLgGLeawKyhMFJ848XtYD,spotify:track:6qLgGLeawKyhMFJ848XtYD,343160,4,metal
120,0.574,0.943,11,-5.238,1,0.0769,3.69e-05,0.0317,0.366,0.72,112.009,5YeQoMo5py82YmqXMTjM5S,spotify:track:5YeQoMo5py82YmqXMTjM5S,237360,4,metal
121,0.478,0.953,8,-7.294,1,0.0892,0.0328,0.000508,0.597,0.407,96.622,0ei5rAVjRCUQATivnVwkLN,spotify:track:0ei5rAVjRCUQATivnVwkLN,204200,4,metal
122,0.253,0.815,2,-8.2,1,0.0442,4.91e-05,0.699,0.179,0.17,119.463,52YFq12HWLk1zFUGKe3hHW,spotify:track:52YFq12HWLk1zFUGKe3hHW,375667,4,metal
123,0.231,0.904,2,-14.667,1,0.0567,1.02e-05,0.16,0.146,0.25,141.062,39KAA4qcUwhb9KZliy0nYC,spotify:track:39KAA4qcUwhb9KZliy0nYC,306693,4,metal
124,0.598,0.76,2,-5.822,0,0.0295,0.0107,1.07e-05,0.343,0.164,120.488,6vSY2O8TWgHP0oLPn5WhbH,spotify:track:6vSY2O8TWgHP0oLPn5WhbH,228547,4,metal
125,0.206,0.965,1,-5.116,1,0.079,9.91e-06,0.827,0.367,0.168,92.615,4Uiw0Sl9yskBaC6P4DcdVD,spotify:track:4Uiw0Sl9yskBaC6P4DcdVD,299867,4,metal
126,0.423,0.738,6,-7.329,1,0.0319,0.359,0.084,0.0801,0.276,111.414,5NhOIUwQ1v10mnPki6Qw3I,spotify:track:5NhOIUwQ1v10mnPki6Qw3I,428800,4,metal
127,0.298,0.983,6,-6.566,0,0.464,0.00128,5.63e-05,0.78,0.106,89.629,3eI2C0gohXlg4AsavdYSiz,spotify:track:3eI2C0gohXlg4AsavdYSiz,284067,4,metal
128,0.315,0.398,9,-8.615,0,0.0265,0.0716,0.176,0.0687,0.0981,73.064,4lPvQJ48sGao1zQPfnGDPj,spotify:track:4lPvQJ48sGao1zQPfnGDPj,478933,4,metal
129,0.581,0.939,11,-6.841,1,0.0581,0.000178,0.00281,0.111,0.313,126.018,4s0DbR4wt8AadGDlQbPepm,spotify:track:4s0DbR4wt8AadGDlQbPepm,234760,4,metal
130,0.279,0.817,6,-5.331,0,0.0458,0.00325,0.0346,0.0855,0.366,156.64,6QKhecJ2JuajCTPTtYkKUQ,spotify:track:6QKhecJ2JuajCTPTtYkKUQ,416560,3,metal
131,0.569,0.858,1,-6.768,1,0.034,3.11e-05,0.197,0.272,0.0869,110.003,561spezvXFVnAOYoSv4Bxy,spotify:track:561spezvXFVnAOYoSv4Bxy,253573,4,metal
132,0.258,0.928,2,-5.098,1,0.106,0.0017,0.0034,0.375,0.353,163.58,3KrjJgriB8BcBWOwNNB69F,spotify:track:3KrjJgriB8BcBWOwNNB69F,114680,4,metal
133,0.581,0.921,1,-5.657,1,0.112,0.0193,0.0,0.101,0.594,97.904,4XPuOAvHlOzksrWabJMh0U,spotify:track:4XPuOAvHlOzksrWabJMh0U,144267,4,metal
134,0.448,0.942,6,-4.788,0,0.0486,0.00089,0.146,0.28,0.346,98.315,0GURoVDI0jlEyMH0VYWObt,spotify:track:0GURoVDI0jlEyMH0VYWObt,243000,4,metal
135,0.317,0.99,9,-6.162,1,0.154,0.0272,0.651,0.224,0.0336,137.196,6vb8Hy0CgjdDeLcD9UR4tW,spotify:track:6vb8Hy0CgjdDeLcD9UR4tW,273763,4,metal
136,0.269,0.964,10,-5.182,0,0.143,0.000241,0.00211,0.131,0.159,149.86,0vpLgxoX2cpJM0Fvxwbw84,spotify:track:0vpLgxoX2cpJM0Fvxwbw84,335667,4,metal
137,0.257,0.989,10,-5.918,0,0.0867,6.72e-06,0.521,0.263,0.385,109.267,01cGujYWGF7JchJLSgf6Ta,spotify:track:01cGujYWGF7JchJLSgf6Ta,225360,4,metal
138,0.354,0.734,4,-12.754,0,0.0513,0.000165,0.0291,0.576,0.465,114.452,3d1rZ0Trsucp8EAstQ5AK4,spotify:track:3d1rZ0Trsucp8EAstQ5AK4,313524,4,metal
139,0.533,0.725,1,-9.128,0,0.0327,0.0841,0.0,0.231,0.451,115.147,4sHQXsxvIkTiozx2BD59fa,spotify:track:4sHQXsxvIkTiozx2BD59fa,245440,4,metal
140,0.566,0.917,4,-6.385,0,0.0615,5.54e-05,0.0725,0.206,0.554,164.297,3tuCmmn6JmRXPln2Zt7KyI,spotify:track:3tuCmmn6JmRXPln2Zt7KyI,234640,3,metal
141,0.396,0.415,8,-7.56,0,0.0283,0.846,4.38e-05,0.141,0.38,81.778,7xPGvZaG9W7UOrCgEwbONe,spotify:track:7xPGvZaG9W7UOrCgEwbONe,189893,3,metal
142,0.551,0.982,7,-5.208,1,0.0898,8.69e-05,0.00038,0.219,0.491,138.064,6uOzYMGucTA0MAFwS2FNB2,spotify:track:6uOzYMGucTA0MAFwS2FNB2,204627,4,metal
143,0.146,0.947,0,-5.708,1,0.0838,7.68e-05,0.905,0.185,0.0891,104.353,2956v4MaiU78SkPpeTXxhq,spotify:track:2956v4MaiU78SkPpeTXxhq,360840,4,metal
144,0.533,0.803,2,-6.702,0,0.0376,0.0447,0.0,0.392,0.165,109.998,18S33odAheWBHbVAefiRLM,spotify:track:18S33odAheWBHbVAefiRLM,270233,4,metal
