,danceability,energy,key,loudness,mode,speechiness,acousticness,instrumentalness,liveness,valence,tempo,id,uri,duration_ms,time_signature,label
0,0.663,0.777,11,-4.954,0,0.109,0.277,0.0,0.0466,0.758,92.681,5MTqczrMNkxZbFghiopgHL,spotify:track:5MTqczrMNkxZbFghiopgHL,270507,4,rap
1,0.893,0.74,11,-4.936,0,0.132,0.299,0.0,0.0881,0.963,101.025,4675yUu8AUbE72T94BkLCD,spotify:track:4675yUu8AUbE72T94BkLCD,299147,4,rap
2,0.701,0.728,2,-4.554,1,0.255,0.00971,0.00115,0.361,0.0591,171.388,7w9bgPAmPTtrkt2v16QWvQ,spotify:track:7w9bgPAmPTtrkt2v16QWvQ,326467,4,rap
3,0.899,0.713,6,-2.752,0,0.366,0.255,0.0,0.0708,0.777,90.051,7iL6o9tox1zgHpKUfh9vuC,spotify:track:7iL6o9tox1zgHpKUfh9vuC,193467,4,rap
4,0.551,0.851,1,-3.277,1,0.197,0.0748,0.0,0.0784,0.1,171.411,6yr8GiTHWvFfi4o6Q5ebdT,spotify:track:6yr8GiTHWvFfi4o6Q5ebdT,297893,4,rap
5,0.662,0.507,5,-8.238,1,0.118,0.257,0.0,0.0465,0.676,86.412,68vgtRHr7iZHpzGpon6Jlo,spotify:track:68vgtRHr7iZHpzGpon6Jlo,223440,4,rap
6,0.621,0.672,4,-3.892,0,0.276,0.21,0.0,0.13,0.228,83.808,17baAghWcrewNOcc9dCewx,spotify:track:17baAghWcrewNOcc9dCewx,251267,4,rap
7,0.73,0.552,2,-8.177,0,0.146,0.18,6.14e-05,0.224,0.613,168.091,4nthV2eZAXnt4yiJMocLkG,spotify:track:4nthV2eZAXnt4yiJMocLkG,289173,4,rap
8,0.707,0.587,6,-8.028,0,0.0734,0.505,0.0,0.111,0.473,87.048,0oWtduQkXym87PPywvOOXv,spotify:track:0oWtduQkXym87PPywvOOXv,169432,4,rap
9,0.892,0.628,1,-3.832,1,0.216,0.169,0.0,0.102,0.676,92.063,6HHytHLXLX8QfWTtGfFSvH,spotify:track:6HHytHLXLX8QfWTtGfFSvH,266067,4,rap
10,0.587,0.709,8,-7.96,1,0.0807,0.00355,9.55e-06,0.159,0.357,90.412,6jp0mgLXwIFStoqgGdZKE1,spotify:track:6jp0mgLXwIFStoqgGdZKE1,201573,4,rap
11,0.802,0.863,1,-3.552,1,0.2,0.0199,0.0,0.141,0.873,81.008,2eXlwgFPe6HgFaPJO8xQHK,spotify:track:2eXlwgFPe6HgFaPJO8xQHK,219400,4,rap
12,0.539,0.672,5,-4.972,0,0.195,0.0626,0.0,0.388,0.384,174.148,1ZpEnNd8OAfkvDuS6tS2us,spotify:track:1ZpEnNd8OAfkvDuS6tS2us,191813,4,rap
13,0.947,0.655,5,-4.243,0,0.0609,0.0331,0.0,0.0433,0.787,104.485,1MYlx4dBtiyjn7K8YSyfzT,spotify:track:1MYlx4dBtiyjn7K8YSyfzT,284800,4,rap
14,0.649,0.559,5,-8.711,0,0.046,0.0589,0.0,0.126,0.0987,89.982,4LYqSqGv4dx6bc299NCEW4,spotify:track:4LYqSqGv4dx6bc299NCEW4,117340,4,rap
15,0.835,0.707,8,-5.074,1,0.0598,0.0219,2.19e-05,0.108,0.919,93.955,2mKouqwAIdQnMP43zxR89r,spotify:track:2mKouqwAIdQnMP43zxR89r,267093,4,rap
16,0.498,0.368,10,-8.942,1,0.059,0.893,0.0,0.177,0.438,83.176,5NkY4yg0bzBSMp32nsWtfS,spotify:track:5NkY4yg0bzBSMp32nsWtfS,163944,4,rap
17,0.686,0.702,4,-6.551,0,0.0831,0.0192,0.0,0.333,0.219,87.492,5aQ6JsNAchqm88pR1xXuOZ,spotify:track:5aQ6JsNAchqm88pR1xXuOZ,168670,4,rap
18,0.695,0.661,8,-6.786,0,0.0529,0.0385,0.0,0.086,0.426,140.001,1dcyreBnbWePE5mqanZEO5,spotify:track:1dcyreBnbWePE5mqanZEO5,193714,4,rap
19,0.925,0.737,8,-1.292,1,0.0777,0.092,0.0,0.169,0.603,133.946,0Zh5U48tZNeAzzLTV1CVBE,spotify:track:0Zh5U48tZNeAzzLTV1CVBE,222240,4,rap
20,0.886,0.626,11,-2.528,0,0.277,0.265,0.0,0.024,0.856,93.989,6mcu7D7QuABVwUGDwovOEh,spotify:track:6mcu7D7QuABVwUGDwovOEh,196627,4,rap
21,0.62,0.614,7,-7.004,1,0.119,0.179,0.0,0.118,0.405,131.941,6byu1JuAS5EYNPsAJiYtCz,spotify:track:6byu1JuAS5EYNPsAJiYtCz,127534,4,rap
22,0.482,0.647,1,-6.582,0,0.316,0.338,0.0,0.0976,0.587,87.429,2kR09CPFP1E8fpg6WEVwJt,spotify:track:2kR09CPFP1E8fpg6WEVwJt,331133,4,rap
23,0.589,0.827,11,-2.938,1,0.384,0.0143,0.00151,0.14,0.386,161.978,5STdMlrBf6pqWiNE7WqxSi,spotify:track:5STdMlrBf6pqWiNE7WqxSi,256240,4,rap
24,0.712,0.772,10,-3.024,0,0.346,0.0521,4.35e-06,0.0368,0.848,84.722,3G0yz3DZn3lfraledmBCT0,spotify:track:3G0yz3DZn3lfraledmBCT0,249480,4,rap
25,0.835,0.581,1,-7.213,1,0.192,0.663,0.0,0.116,0.694,127.042,72cb2d23smShOdJVEn06R0,spotify:track:72cb2d23smShOdJVEn06R0,196596,4,rap
26,0.795,0.35,5,-13.644,0,0.414,0.0785,0.0,0.063,0.67,138.542,2zjNbRfUc3MB8nHiZuO2C4,spotify:track:2zjNbRfUc3MB8nHiZuO2C4,163840,4,rap
27,0.67,0.788,11,-2.43,0,0.0445,0.00225,0.0,0.11,0.292,82.498,59q0gDvWPoL2DQ1SAt5ZLY,spotify:track:59q0gDvWPoL2DQ1SAt5ZLY,179467,4,rap
28,0.746,0.679,0,-9.42,0,0.0642,0.674,0.0,0.117,0.738,120.995,1eE1nrR17EeJLXTn67n845,spotify:track:1eE1nrR17EeJLXTn67n845,128935,4,rap
29,0.75,0.541,9,-9.513,0,0.0628,0.0191,0.0,0.128,0.276,100.037,2Zsxg7GCOqU3DzaSIIgnut,spotify:track:2Zsxg7GCOqU3DzaSIIgnut,180006,4,rap
30,0.489,0.692,1,-6.672,1,0.41,0.0322,0.00608,0.315,0.527,96.946,0x7U32vZzq7e1qVpA0MBwK,spotify:track:0x7U32vZzq7e1qVpA0MBwK,237707,4,rap
31,0.925,0.659,3,-4.763,1,0.231,0.206,7.88e-05,0.279,0.71,97.018,69bHJ9qs5FrUJbKP8xU8uZ,spotify:track:69bHJ9qs5FrUJbKP8xU8uZ,214227,4,rap
32,0.612,0.577,11,-8.01,1,0.458,0.0237,6.22e-05,0.381,0.745,128.422,0h5m65o5KnMFB4Gq47mbKt,spotify:track:0h5m65o5KnMFB4Gq47mbKt,208533,5,rap
33,0.799,0.76,2,-3.318,1,0.222,0.271,0.0,0.185,0.543,99.994,6OAfBnBmpOlsIUMRi0DqxA,spotify:track:6OAfBnBmpOlsIUMRi0DqxA,263787,4,rap
34,0.684,0.834,2,-4.524,0,0.0675,0.0646,0.0,0.271,0.538,164.02,5A6OHHy73AR5tLxgTc98zz,spotify:track:5A6OHHy73AR5tLxgTc98zz,217667,4,rap
35,0.861,0.646,3,-6.966,0,0.232,0.0902,0.0,0.174,0.632,129.939,1hNJqgql56W0EezKWtge9S,spotify:track:1hNJqgql56W0EezKWtge9S,236308,4,rap
36,0.549,0.853,7,-4.293,1,0.188,0.0285,0.000296,0.618,0.346,94.695,0WKYRFtH6KKbaNWjsxqm70,spotify:track:0WKYRFtH6KKbaNWjsxqm70,211493,4,rap
37,0.94,0.633,8,-3.56,1,0.0467,0.0581,4.04e-05,0.281,0.962,121.003,6fxAFlP5ta4oe9fLFkHT8u,spotify:track:6fxAFlP5ta4oe9fLFkHT8u,248680,4,rap
38,0.856,0.904,8,-4.804,1,0.139,0.0253,3.16e-05,0.0537,0.855,99.247,5Ddu4AaN1VaZ1MTg1neCl7,spotify:track:5Ddu4AaN1VaZ1MTg1neCl7,246533,4,rap
39,0.803,0.784,11,-5.97,0,0.198,0.0012,0.000161,0.0794,0.801,90.185,13XHuE00ElL5thSxkaEXxK,spotify:track:13XHuE00ElL5thSxkaEXxK,296907,4,rap
40,0.775,0.535,6,-7.125,1,0.113,0.349,0.0,0.14,0.315,84.122,2wdHKp5CBgJ8mlO7Cq84Xd,spotify:track:2wdHKp5CBgJ8mlO7Cq84Xd,280000,4,rap
41,0.692,0.833,7,-3.974,1,0.0492,0.000136,1.98e-05,0.515,0.692,96.814,5XhkV07Vou38wnrzwURUOC,spotify:track:5XhkV07Vou38wnrzwURUOC,246320,4,rap
42,0.653,0.711,9,-6.454,1,0.0623,0.109,0.0,0.443,0.769,160.048,2kzRSiyignH8yzPTrWvyPo,spotify:track:2kzRSiyignH8yzPTrWvyPo,191320,4,rap
43,0.72,0.514,1,-7.108,1,0.132,0.146,0.00713,0.107,0.212,142.98,0osPX8TruIebOhKuG6GK8C,spotify:track:0osPX8TruIebOhKuG6GK8C,272160,4,rap
44,0.547,0.795,11,-5.825,0,0.444,0.253,0.0,0.0775,0.566,93.221,2bpZOGUjOTYD8wPA0sqm13,spotify:track:2bpZOGUjOTYD8wPA0sqm13,258213,4,rap
45,0.767,0.864,10,-1.847,0,0.133,0.0116,0.0,0.0957,0.747,85.475,0nKZeSrqH9u31NLoTUsYBR,spotify:track:0nKZeSrqH9u31NLoTUsYBR,257907,4,rap
46,0.797,0.852,0,-2.234,1,0.172,0.0432,3.97e-06,0.409,0.674,95.416,09EwNbGvUyu7BDEYG0cJro,spotify:track:09EwNbGvUyu7BDEYG0cJro,330760,4,rap
47,0.608,0.79,10,-2.92,0,0.383,0.0564,0.000203,0.258,0.642,166.222,3iguiHKhoGdeNmxFG44zhm,spotify:track:3iguiHKhoGdeNmxFG44zhm,230787,4,rap
48,0.63,0.782,8,-5.44,0,0.132,0.0828,0.0,0.034,0.418,140.144,6A6am7JK6SNzIKOGlU53sw,spotify:track:6A6am7JK6SNzIKOGlU53sw,247947,4,rap
49,0.801,0.908,2,-6.554,1,0.221,0.00253,0.000655,0.0698,0.805,87.279,3ssX20QT5c3nA9wk78V1LQ,spotify:track:3ssX20QT5c3nA9wk78V1LQ,278387,4,rap
50,0.646,0.813,6,-3.846,0,0.299,0.349,9.37e-05,0.0427,0.895,92.729,70FCugJxa7XW04Np6iYJdI,spotify:track:70FCugJxa7XW04Np6iYJdI,224440,4,rap
51,0.767,0.881,1,-4.359,1,0.109,0.191,8.29e-06,0.139,0.939,169.049,2g9E9UyZ3pdJ1eqUQW0tfQ,spotify:track:2g9E9UyZ3pdJ1eqUQW0tfQ,215267,4,rap
52,0.715,0.655,0,-6.425,1,0.137,0.0525,0.0,0.115,0.531,95.078,2g7uRZ68eLtv74XrxgdT2q,spotify:track:2g7uRZ68eLtv74XrxgdT2q,207333,4,rap
53,0.761,0.653,1,-6.577,1,0.182,0.0618,0.0,0.326,0.376,90.049,34gtSaLAarPkHt8opuZpNM,spotify:track:34gtSaLAarPkHt8opuZpNM,282107,4,rap
54,0.814,0.779,11,-3.271,1,0.235,0.175,0.000671,0.0605,0.544,93.43,6ltPEsP4edATzvinHOzvk2,spotify:track:6ltPEsP4edATzvinHOzvk2,268005,4,rap
55,0.838,0.705,5,-6.131,0,0.29,0.195,0.0,0.336,0.837,96.643,0zaWQBwkfh9OmK77CiDmRI,spotify:track:0zaWQBwkfh9OmK77CiDmRI,245093,4,rap
56,0.816,0.849,11,-4.41,1,0.26,0.0811,0.0,0.0616,0.844,94.007,5Y6TvhJuUxqAqCwuOs641w,spotify:track:5Y6TvhJuUxqAqCwuOs641w,258000,4,rap
57,0.803,0.757,4,-3.212,0,0.0597,0.0175,0.0,0.195,0.623,130.019,5voKHxbIqgBU7fZMX8Lu0T,spotify:track:5voKHxbIqgBU7fZMX8Lu0T,350227,4,rap
58,0.908,0.762,9,-4.773,0,0.153,0.0658,0.0,0.104,0.869,148.016,5yMZU1xolje7E1xGmezcuj,spotify:track:5yMZU1xolje7E1xGmezcuj,297933,4,rap
59,0.672,0.818,5,-4.209,0,0.109,0.00185,2.29e-06,0.0612,0.164,164.078,2Si43OSoa3MW5mmc0mBs36,spotify:track:2Si43OSoa3MW5mmc0mBs36,339667,4,rap
60,0.52,0.768,8,-3.489,0,0.359,0.0193,0.00034,0.104,0.398,79.178,5dePZp5rjCsjSYvz3c8orT,spotify:track:5dePZp5rjCsjSYvz3c8orT,296880,4,rap
61,0.643,0.825,1,-4.746,0,0.343,0.0203,4.99e-06,0.0398,0.701,97.172,5sgj1GEk590u36Ce93QGvF,spotify:track:5sgj1GEk590u36Ce93QGvF,304147,4,rap
62,0.92,0.891,3,-2.398,0,0.253,0.0313,0.0,0.083,0.311,95.295,20LxTsa6936zOlzTWqoPVt,spotify:track:20LxTsa6936zOlzTWqoPVt,161600,4,rap
63,0.873,0.719,1,-5.948,1,0.248,0.03,0.0,0.333,0.858,93.281,2xTft6GEZeTyWNpdX94rkf,spotify:track:2xTft6GEZeTyWNpdX94rkf,307773,4,rap
64,0.863,0.672,7,-6.311,1,0.0739,0.0446,0.0,0.166,0.338,111.11,3Wyc7M8twhxeyaC51BcQYb,spotify:track:3Wyc7M8twhxeyaC51BcQYb,268827,4,rap
65,0.763,0.84,8,-3.704,1,0.0929,0.0346,0.0,0.0601,0.748,92.477,1eduDdsjMO7Or4EXnMf2iS,spotify:track:1eduDdsjMO7Or4EXnMf2iS,287547,4,rap
66,0.78,0.575,9,-7.247,0,0.273,0.43,0.0,0.143,0.773,84.492,2g8HN35AnVGIk7B8yMucww,spotify:track:2g8HN35AnVGIk7B8yMucww,252747,4,rap
67,0.755,0.738,11,-6.792,0,0.152,0.162,1.98e-05,0.173,0.744,154.788,0Bd3oaSitY4a57zlwV9sG6,spotify:track:0Bd3oaSitY4a57zlwV9sG6,367960,4,rap
68,0.904,0.826,1,-2.372,0,0.272,0.0531,0.0,0.214,0.824,101.35,1YQ7BbJR8HqAolfprvxGKu,spotify:track:1YQ7BbJR8HqAolfprvxGKu,191600,4,rap
69,0.554,0.899,8,-4.573,1,0.408,0.0521,0.0,0.0568,0.552,171.966,5DD9jE8Z3LvpVn2TxknJyX,spotify:track:5DD9jE8Z3LvpVn2TxknJyX,227893,4,rap
70,0.716,0.722,11,-4.63,1,0.16,0.13,0.0,0.0531,0.477,90.997,0zvxfbfR99UukKPcyCD1u2,spotify:track:0zvxfbfR99UukKPcyCD1u2,283173,4,rap
71,0.803,0.773,0,-3.628,1,0.121,0.0107,0.0,0.0632,0.708,91.915,1HCPjfa02m5JwcO37LHfYb,spotify:track:1HCPjfa02m5JwcO37LHfYb,226027,4,rap
72,0.777,0.764,1,-5.682,1,0.14,0.243,0.0,0.103,0.174,177.868,77dC7dKzMm65Y9jkJs0Ssd,spotify:track:77dC7dKzMm65Y9jkJs0Ssd,270867,4,rap
73,0.549,0.636,10,-3.923,0,0.376,0.395,0.0,0.0974,0.661,182.363,3JkSuHgKAa9l49gpJPGQBC,spotify:track:3JkSuHgKAa9l49gpJPGQBC,251547,4,rap
74,0.487,0.805,9,-3.911,1,0.204,0.147,0.0,0.209,0.606,99.336,5zXuUnZsY72RE4AJknK9PP,spotify:track:5zXuUnZsY72RE4AJknK9PP,236413,5,rap
75,0.494,0.943,5,-3.704,0,0.363,0.156,0.0,0.335,0.797,185.982,0LvwrCJtecLr9mnS0h0k7U,spotify:track:0LvwrCJtecLr9mnS0h0k7U,287427,4,rap
76,0.678,0.857,10,-5.173,0,0.216,0.0325,0.0,0.0788,0.622,94.95,2NeHnSFnwNp1Z5WYgcjJ8L,spotify:track:2NeHnSFnwNp1Z5WYgcjJ8L,219253,4,rap
77,0.867,0.796,6,-4.73,1,0.0693,0.202,0.0,0.0838,0.776,92.766,32SFvZODywPBVDYSYtqxCj,spotify:track:32SFvZODywPBVDYSYtqxCj,231040,4,rap
78,0.747,0.929,6,-3.924,1,0.237,0.084,0.0,0.135,0.532,100.942,1WG3uNOzTWKRwCAfDAlUAW,spotify:track:1WG3uNOzTWKRwCAfDAlUAW,274053,4,rap
79,0.912,0.664,6,-7.729,1,0.287,0.455,0.00123,0.133,0.848,90.466,7rB7KSgf3LmylutdAQAt8U,spotify:track:7rB7KSgf3LmylutdAQAt8U,244760,4,rap
80,0.911,0.65,0,-5.529,1,0.0921,0.00254,0.0553,0.198,0.681,98.625,0JFBf2PloRfMkPg5DjXhDx,spotify:track:0JFBf2PloRfMkPg5DjXhDx,276413,4,rap
81,0.833,0.568,7,-9.718,0,0.369,0.0245,0.0,0.308,0.817,76.725,370ktLojUErayAQjtgABN1,spotify:track:370ktLojUErayAQjtgABN1,213280,4,rap
82,0.726,0.757,0,-7.155,1,0.191,0.0254,0.0,0.702,0.679,83.979,3Feec7M9kLXDHag4iZcBxU,spotify:track:3Feec7M9kLXDHag4iZcBxU,231933,4,rap
83,0.811,0.73,10,-5.432,0,0.106,0.00703,2.41e-05,0.338,0.382,87.016,6RnCdCVTOxHnzDwODEu8vQ,spotify:track:6RnCdCVTOxHnzDwODEu8vQ,281653,4,rap
84,0.758,0.519,10,-10.58,0,0.0395,0.117,0.0742,0.109,0.617,92.872,3jFTsobEff1Cz8DlIAisYY,spotify:track:3jFTsobEff1Cz8DlIAisYY,232773,4,rap
85,0.727,0.8,6,-2.507,0,0.284,0.0621,0.0,0.143,0.862,144.833,4mfl8akhVprr93o1ALep21,spotify:track:4mfl8akhVprr93o1ALep21,178759,4,rap
86,0.843,0.7,9,-3.249,0,0.26,0.127,0.0,0.876,0.675,95.05,65iyI1iybyv5ecsfBHSdUf,spotify:track:65iyI1iybyv5ecsfBHSdUf,293053,4,rap
87,0.751,0.884,2,-3.54,0,0.291,0.109,0.0,0.157,0.816,77.91,5J5Bbx7lKQOQXeW1EAL9Mz,spotify:track:5J5Bbx7lKQOQXeW1EAL9Mz,223760,4,rap
88,0.863,0.771,7,-2.77,1,0.19,0.00954,0.0,0.288,0.812,95.029,1YrHyDbH17btvI2rFTkbCQ,spotify:track:1YrHyDbH17btvI2rFTkbCQ,234733,4,rap
89,0.841,0.739,11,-5.111,0,0.206,0.151,5.9e-05,0.0897,0.571,85.891,6QunXp3Hfsmz1qRYvILnNE,spotify:track:6QunXp3Hfsmz1qRYvILnNE,272507,4,rap
90,0.862,0.648,4,-7.401,0,0.251,0.0455,0.0,0.0332,0.637,98.012,6mZcNu9i8uhOYMiEAyEx81,spotify:track:6mZcNu9i8uhOYMiEAyEx81,235533,4,rap
91,0.66,0.765,7,-7.121,1,0.245,0.227,0.0,0.376,0.771,151.074,0p7GJrCXs75kcqFNveyCGp,spotify:track:0p7GJrCXs75kcqFNveyCGp,208600,4,rap
92,0.804,0.692,10,-5.884,0,0.318,0.0949,0.0,0.0405,0.838,85.21,6rCZCm1T3Tb5wVxFEQOqBt,spotify:track:6rCZCm1T3Tb5wVxFEQOqBt,287907,4,rap
93,0.642,0.777,4,-4.809,0,0.094,0.00323,0.0,0.227,0.413,96.986,3zmduBNsQ6BPDTZAkXzG5K,spotify:track:3zmduBNsQ6BPDTZAkXzG5K,214400,4,rap
94,0.74,0.722,0,-2.149,1,0.0791,0.515,0.0,0.074,0.841,140.139,4iNkk2qPPXC1MAZdVUq810,spotify:track:4iNkk2qPPXC1MAZdVUq810,222653,4,rap
95,0.683,0.74,11,-6.041,0,0.0462,0.00228,0.0,0.238,0.65,129.515,6x5ZPe5LrKcLefZ2obbwSZ,spotify:track:6x5ZPe5LrKcLefZ2obbwSZ,281773,4,rap
96,0.684,0.916,1,-3.857,1,0.43,0.169,1.63e-05,0.123,0.553,93.477,6EElYDYyvvohMNDbYnrvn4,spotify:track:6EElYDYyvvohMNDbYnrvn4,173267,4,rap
97,0.609,0.87,9,-4.672,0,0.292,0.127,0.0,0.157,0.462,95.129,3CBtWTrzgfCeU8lZyL132d,spotify:track:3CBtWTrzgfCeU8lZyL132d,256227,4,rap
98,0.663,0.856,1,-6.503,1,0.234,0.0676,0.0,0.0857,0.791,92.343,04Tf0AplqcbmxnBWisVaYt,spotify:track:04Tf0AplqcbmxnBWisVaYt,263933,4,rap
99,0.828,0.892,4,-4.567,0,0.193,0.115,0.0,0.217,0.712,85.95,5kGsDi86P9pZux4x4wopHV,spotify:track:5kGsDi86P9pZux4x4wopHV,308267,4,rap
100,0.624,0.692,9,-5.185,0,0.339,0.221,0.0,0.153,0.349,87.042,73AElRO42LtQlBId3tA2Oh,spotify:track:73AElRO42LtQlBId3tA2Oh,205560,4,rap
101,0.861,0.479,7,-8.433,1,0.0515,0.0452,0.0,0.351,0.278,99.969,4nWn9o7NTpuqzHQ5hyae8U,spotify:track:4nWn9o7NTpuqzHQ5hyae8U,178840,4,rap
102,0.699,0.668,1,-5.305,1,0.106,0.265,0.0,0.141,0.472,83.074,3kgutGd839IOYRl6ekeq6V,spotify:track:3kgutGd839IOYRl6ekeq6V,254467,4,rap
103,0.487,0.729,2,-6.815,1,0.271,0.0538,4.07e-06,0.44,0.217,91.048,3qX1dqmDdmMvvfMVfsx4Bh,spotify:track:3qX1dqmDdmMvvfMVfsx4Bh,350120,4,rap
104,0.69,0.699,2,-5.612,1,0.184,0.425,0.0109,0.399,0.465,139.83,6Sm2YzLtL8FcyTMONOkiFw,spotify:track:6Sm2YzLtL8FcyTMONOkiFw,237840,4,rap
105,0.819,0.533,10,-7.167,0,0.279,0.0897,0.0,0.216,0.671,85.525,2ePk5lFdCTjFLkoDyMhmWV,spotify:track:2ePk5lFdCTjFLkoDyMhmWV,236773,4,rap
106,0.84,0.798,8,-5.079,1,0.0699,0.045,4.32e-05,0.172,0.695,100.175,4rLpAOk5KVNcqEMK3m6Lje,spotify:track:4rLpAOk5KVNcqEMK3m6Lje,246347,4,rap
107,0.811,0.713,4,-8.085,0,0.291,0.0075,0.0,0.28,0.699,94.617,0dgdXBWLJTPXr5ZgJ2N4SA,spotify:track:0dgdXBWLJTPXr5ZgJ2N4SA,236160,4,rap
108,0.768,0.765,11,-7.013,0,0.151,0.000612,0.0,0.342,0.525,131.208,1cHjms57G6C8o6cpEnho9f,spotify:track:1cHjms57G6C8o6cpEnho9f,353267,4,rap
109,0.735,0.797,11,-4.611,0,0.285,0.0174,0.0,0.62,0.731,170.444,1heUTaryu6xDcGk7NJLVnF,spotify:track:1heUTaryu6xDcGk7NJLVnF,332627,4,rap
110,0.878,0.739,5,-5.157,1,0.189,0.169,0.0,0.119,0.824,93.601,5vbOZSDs3h1DUf9oPmPABY,spotify:track:5vbOZSDs3h1DUf9oPmPABY,237680,4,rap
111,0.653,0.77,9,-6.091,0,0.0353,0.00342,0.0,0.0887,0.272,137.616,5bh0ZC4XO0VJuH0NPGkqlH,spotify:track:5bh0ZC4XO0VJuH0NPGkqlH,321293,4,rap
112,0.689,0.481,10,-7.503,1,0.0815,0.369,1.03e-06,0.0649,0.283,80.025,7wqSzGeodspE3V6RBD5W8L,spotify:track:7wqSzGeodspE3V6RBD5W8L,229526,4,rap
113,0.717,0.862,8,-4.736,1,0.054,0.00689,0.0,0.321,0.52,130.021,1ULa3GfdMKs0MfRpm6xVlu,spotify:track:1ULa3GfdMKs0MfRpm6xVlu,224933,4,rap
114,0.829,0.428,0,-9.469,1,0.0831,0.056,0.00413,0.137,0.45,148.075,5jnxxpX2834SB6LJ0S73Uz,spotify:track:5jnxxpX2834SB6LJ0S73Uz,299333,4,rap
115,0.539,0.731,3,-5.085,0,0.453,0.112,1.19e-06,0.129,0.568,81.114,5kqQoLsjAHHxXmVe4oBT83,spotify:track:5kqQoLsjAHHxXmVe4oBT83,271773,4,rap
116,0.781,0.728,1,-4.981,1,0.0621,0.0509,1.94e-06,0.257,0.395,102.99,5lnsCyEKWofnC00U4Ax0ti,spotify:track:5lnsCyEKWofnC00U4Ax0ti,219306,4,rap
117,0.648,0.694,2,-4.927,1,0.059,0.00514,0.0,0.423,0.0771,123.173,6M9HNNuuu8WocirWzXCcJA,spotify:track:6M9HNNuuu8WocirWzXCcJA,342987,4,rap
118,0.82,0.809,4,-6.759,0,0.251,0.443,0.00175,0.0613,0.737,83.011,0svl7cK07gK1ia5ainczU5,spotify:track:0svl7cK07gK1ia5ainczU5,231240,4,rap
119,0.648,0.759,6,-4.315,1,0.306,0.0142,0.0,0.648,0.518,85.996,0YImOCkIJ2PWhCXaURCZnY,spotify:track:0YImOCkIJ2PWhCXaURCZnY,324307,4,rap
120,0.424,0.866,7,-6.171,1,0.2,0.000859,0.000139,0.0869,0.426,190.276,0D5ER6UGojHVHVVJV0QdY8,spotify:track:0D5ER6UGojHVHVVJV0QdY8,234243,4,rap
121,0.843,0.419,10,-7.633,0,0.254,0.269,0.0,0.13,0.321,128.025,2a4FxeAvHco9UkaVFxCPDO,spotify:track:2a4FxeAvHco9UkaVFxCPDO,181000,4,rap
122,0.831,0.783,5,-6.719,1,0.0527,0.079,1.27e-06,0.35,0.771,140.046,0hdiDzQu1FsfaYM1NIL8ma,spotify:track:0hdiDzQu1FsfaYM1NIL8ma,218440,4,rap
123,0.772,0.413,0,-8.193,0,0.089,0.0361,0.0,0.111,0.211,131.965,01Lr5YepbgjXAWR9iOEyH1,spotify:track:01Lr5YepbgjXAWR9iOEyH1,246213,4,rap
124,0.618,0.717,7,-5.738,1,0.318,0.00256,0.0,0.625,0.603,190.05,5NQbUaeTEOGdD6hHcre0dZ,spotify:track:5NQbUaeTEOGdD6hHcre0dZ,196693,4,rap
125,0.762,0.611,9,-5.462,0,0.0876,0.122,0.000315,0.141,0.386,99.934,32tBNiuuQtkUG5eBWpC0oQ,spotify:track:32tBNiuuQtkUG5eBWpC0oQ,206760,4,rap
126,0.667,0.581,0,-5.164,0,0.323,0.0428,0.0,0.183,0.368,110.953,1jk9c0gZI0wbn5GvAj7PBV,spotify:track:1jk9c0gZI0wbn5GvAj7PBV,230693,4,rap
127,0.853,0.558,1,-7.448,1,0.202,0.0462,0.0,0.341,0.654,142.079,46gjYTEK7W8ZTABcglGP2f,spotify:track:46gjYTEK7W8ZTABcglGP2f,205879,4,rap
128,0.796,0.766,7,-5.974,1,0.238,0.0742,0.0,0.0827,0.558,110.034,33i0KOPBWURNW3l97a4QPy,spotify:track:33i0KOPBWURNW3l97a4QPy,219333,4,rap
129,0.502,0.623,8,-8.812,1,0.44,0.609,0.0,0.119,0.399,75.578,4gkl7QbQvBd3TM9PhlWFkI,spotify:track:4gkl7QbQvBd3TM9PhlWFkI,211680,1,rap
130,0.692,0.521,10,-8.465,0,0.33,0.301,0.0,0.0565,0.463,100.45,62vpWI1CHwFy7tMIcSStl8,spotify:track:62vpWI1CHwFy7tMIcSStl8,292987,4,rap
131,0.517,0.705,6,-8.205,0,0.364,0.0751,0.0,0.128,0.584,175.906,6Ius4TC0L3cN74HT7ENE6e,spotify:track:6Ius4TC0L3cN74HT7ENE6e,239320,4,rap
132,0.574,0.631,1,-3.73,1,0.0478,0.0202,0.0,0.105,0.0785,130.383,6AFbDBW3z38yT43hNylJZk,spotify:track:6AFbDBW3z38yT43hNylJZk,269533,4,rap
133,0.656,0.612,6,-5.415,0,0.225,0.0094,0.0,0.146,0.626,132.072,2rJvc7nSYWBKAuNUMx1Cr2,spotify:track:2rJvc7nSYWBKAuNUMx1Cr2,283653,4,rap
134,0.895,0.681,7,-5.267,0,0.358,0.157,0.0,0.189,0.554,121.918,0wdKiSBUT7aZkXUIdJWcwC,spotify:track:0wdKiSBUT7aZkXUIdJWcwC,240000,4,rap
135,0.823,0.768,11,-6.21,1,0.0819,0.0146,1.03e-06,0.127,0.216,115.021,3SEd8nPd8MpGwk6ZZ8tk2j,spotify:track:3SEd8nPd8MpGwk6ZZ8tk2j,274320,4,rap
136,0.725,0.534,11,-6.238,1,0.0946,0.0752,0.0,0.0919,0.558,91.974,14WWzenpaEgQZlqPq2nk4v,spotify:track:14WWzenpaEgQZlqPq2nk4v,219320,4,rap
137,0.522,0.525,4,-10.1,0,0.0777,0.089,3.31e-06,0.23,0.246,107.309,05ljqOaMvnkiWyJWAfjayF,spotify:track:05ljqOaMvnkiWyJWAfjayF,236893,4,rap
138,0.828,0.792,10,-5.435,0,0.179,0.182,0.0,0.281,0.777,134.199,024Q1MI4uaYHF6j2Q2ZYgF,spotify:track:024Q1MI4uaYHF6j2Q2ZYgF,233360,4,rap
139,0.848,0.842,6,-5.582,0,0.284,0.00827,0.0,0.0772,0.722,98.697,7gNYGnojVbmk6SYRfWA7H2,spotify:track:7gNYGnojVbmk6SYRfWA7H2,343373,4,rap
140,0.854,0.401,9,-8.553,1,0.395,0.118,0.0,0.527,0.42,139.922,73JJHEKUuOOsA8MDzOd4vy,spotify:track:73JJHEKUuOOsA8MDzOd4vy,287086,4,rap
141,0.89,0.393,4,-10.821,0,0.267,0.331,8.81e-06,0.283,0.304,128.084,16qYlQ6koFxYVbiJbGHblz,spotify:track:16qYlQ6koFxYVbiJbGHblz,301133,4,rap
142,0.708,0.596,8,-7.692,0,0.0412,0.0523,0.0,0.0555,0.588,133.955,4sozsbVtlFDe74usgfDPOQ,spotify:track:4sozsbVtlFDe74usgfDPOQ,278067,3,rap
143,0.646,0.784,1,-7.471,0,0.108,0.0166,0.0,0.0721,0.179,127.839,78JKJfKsqgeBDBF58gv1SF,spotify:track:78JKJfKsqgeBDBF58gv1SF,197132,4,rap
144,0.469,0.754,6,-3.664,1,0.13,0.0679,0.0,0.106,0.421,174.068,3p6fkbeZDIVqapfdgQe6fm,spotify:track:3p6fkbeZDIVqapfdgQe6fm,196040,4,rap
145,0.641,0.63,8,-6.393,1,0.0521,0.0372,0.0,0.4,0.415,79.955,3u9fHuAtjMY1RW2mZfO4Cf,spotify:track:3u9fHuAtjMY1RW2mZfO4Cf,241933,4,rap
146,0.671,0.314,5,-8.091,0,0.244,0.11,0.0,0.0825,0.296,110.898,3kfxarilcBr81mb2hmZLeh,spotify:track:3kfxarilcBr81mb2hmZLeh,191600,4,rap
147,0.921,0.836,7,-3.978,1,0.243,0.0405,0.0,0.0802,0.581,95.187,4ENy0Hz7IsSf8lDz3to3FH,spotify:track:4ENy0Hz7IsSf8lDz3to3FH,312627,4,rap
148,0.659,0.738,4,-4.077,0,0.362,0.00561,0.0,0.319,0.516,93.796,6IA63Wf2Onw1kq9ur1ygFi,spotify:track:6IA63Wf2Onw1kq9ur1ygFi,251907,4,rap
149,0.634,0.845,11,-5.058,0,0.352,0.00602,5.29e-06,0.0598,0.929,94.0,3gY6tiCNsuVi6s8kPV6aQg,spotify:track:3gY6tiCNsuVi6s8kPV6aQg,237027,4,rap
150,0.956,0.745,11,-4.753,0,0.12,0.206,0.0,0.0615,0.912,107.075,04KTF78FFg8sOHC1BADqbY,spotify:track:04KTF78FFg8sOHC1BADqbY,228240,4,rap
151,0.705,0.796,7,-6.845,1,0.267,0.0708,0.0,0.388,0.864,166.042,2RWxrpsFshOBFwRBRstUlQ,spotify:track:2RWxrpsFshOBFwRBRstUlQ,210453,4,rap
152,0.687,0.793,2,-4.254,1,0.166,0.0603,0.0,0.582,0.751,107.045,5sNESr6pQfIhL3krM8CtZn,spotify:track:5sNESr6pQfIhL3krM8CtZn,205733,4,rap
153,0.88,0.814,11,-6.307,0,0.14,0.168,0.00672,0.0584,0.942,138.083,7m97yKVzPpXV9Z4ezEziOD,spotify:track:7m97yKVzPpXV9Z4ezEziOD,283067,4,rap
154,0.674,0.695,6,-8.636,0,0.278,0.0387,0.00202,0.194,0.773,151.486,3uqinR4FCjLv28bkrTdNX5,spotify:track:3uqinR4FCjLv28bkrTdNX5,221840,4,rap
155,0.755,0.604,1,-5.436,1,0.417,0.382,0.0,0.125,0.663,98.458,5ngSGTy4Tw8cIBCMeIgoc9,spotify:track:5ngSGTy4Tw8cIBCMeIgoc9,224107,4,rap
156,0.772,0.599,8,-5.996,0,0.246,0.0277,0.0,0.0839,0.557,92.029,2uhnzF1F605tp9QS6rH2VW,spotify:track:2uhnzF1F605tp9QS6rH2VW,247507,4,rap
157,0.772,0.644,10,-6.318,0,0.265,0.158,4.14e-06,0.366,0.388,82.05,2zoobJFEB9h15fjYjRd6oP,spotify:track:2zoobJFEB9h15fjYjRd6oP,312373,4,rap
158,0.831,0.467,3,-9.699,1,0.0352,0.475,0.0,0.091,0.51,100.962,1veg9HLCMFpatZpibpb9TU,spotify:track:1veg9HLCMFpatZpibpb9TU,137880,4,rap
159,0.713,0.678,5,-3.525,0,0.102,0.273,0.0,0.149,0.734,138.009,7H6ev70Weq6DdpZyyTmUXk,spotify:track:7H6ev70Weq6DdpZyyTmUXk,271333,4,rap
160,0.82,0.809,4,-6.759,0,0.251,0.443,0.00175,0.0613,0.737,83.011,7gKgd0P3dAAePiSQQBqrlf,spotify:track:7gKgd0P3dAAePiSQQBqrlf,231240,4,rap
161,0.779,0.51,8,-3.629,0,0.252,0.262,0.0,0.0865,0.591,90.025,2hzKxuc2LwqMnkoVRMkV0B,spotify:track:2hzKxuc2LwqMnkoVRMkV0B,218000,4,rap
162,0.66,0.707,6,-5.758,1,0.208,0.397,0.0,0.211,0.761,89.279,7lVNTXkI3cHFvcXiI8damb,spotify:track:7lVNTXkI3cHFvcXiI8damb,268800,4,rap
163,0.66,0.623,7,-7.321,0,0.152,0.0851,0.0,0.0841,0.736,179.986,2IyL2CyHoenwQLds5jSuqK,spotify:track:2IyL2CyHoenwQLds5jSuqK,200720,4,rap
164,0.802,0.785,9,-4.781,1,0.207,0.14,0.0,0.123,0.435,99.998,2wGSgTmgSF3xjRrHkTc25R,spotify:track:2wGSgTmgSF3xjRrHkTc25R,206400,4,rap
165,0.878,0.739,5,-5.157,1,0.189,0.169,0.0,0.119,0.824,93.601,4JKwW0A2OQeAUpYZd99Lfo,spotify:track:4JKwW0A2OQeAUpYZd99Lfo,237680,4,rap
166,0.849,0.521,11,-12.999,0,0.216,0.304,1.65e-06,0.115,0.763,95.265,7nYvUtkQMx1v80S2FH2s9J,spotify:track:7nYvUtkQMx1v80S2FH2s9J,248867,4,rap
167,0.534,0.671,5,-5.023,0,0.195,0.0504,0.0,0.362,0.422,174.292,0NJu93oln1kkgbHLFzLJ4h,spotify:track:0NJu93oln1kkgbHLFzLJ4h,192240,4,rap
168,0.714,0.862,6,-5.531,1,0.286,0.0305,0.0,0.0884,0.887,92.849,0ZHu7jkSSrT0eK4OxuG4O5,spotify:track:0ZHu7jkSSrT0eK4OxuG4O5,281240,4,rap
169,0.789,0.858,1,-5.542,1,0.311,0.127,0.0,0.349,0.775,140.022,4Li2WHPkuyCdtmokzW2007,spotify:track:4Li2WHPkuyCdtmokzW2007,219333,4,rap
170,0.657,0.734,8,-4.832,0,0.484,0.149,0.0,0.139,0.434,91.03,5SkRLpaGtvYPhw02vZhQQ9,spotify:track:5SkRLpaGtvYPhw02vZhQQ9,223507,4,rap
171,0.617,0.717,10,-7.858,0,0.153,0.00564,0.0,0.408,0.49,103.992,0j2T0R9dR9qdJYsB7ciXhf,spotify:track:0j2T0R9dR9qdJYsB7ciXhf,311867,4,rap
172,0.559,0.733,2,-5.659,0,0.171,0.314,0.0,0.284,0.611,145.115,3A4cpTBPaIQdtPFb5JxtaX,spotify:track:3A4cpTBPaIQdtPFb5JxtaX,316053,4,rap
173,0.571,0.739,7,-6.11,1,0.247,0.00865,5.21e-06,0.158,0.66,83.089,4mmkhcEm1Ljy1U9nwtsxUo,spotify:track:4mmkhcEm1Ljy1U9nwtsxUo,221227,4,rap
174,0.731,0.818,7,-7.035,1,0.182,0.127,0.00636,0.233,0.862,92.29,1pjDKRg5WddCDSlG5PXcKy,spotify:track:1pjDKRg5WddCDSlG5PXcKy,261293,4,rap
0,0.961,0.62,10,-8.978,0,0.241,0.514,0.000281,0.113,0.685,124.017,3CgP1CxtvZgIYomCNuP5jG,spotify:track:3CgP1CxtvZgIYomCNuP5jG,178064,4,rap
1,0.765,0.401,7,-11.404,0,0.064,0.17,7.37e-05,0.174,0.528,95.005,6Pqrm55DFjQZQi8jC2yBVa,spotify:track:6Pqrm55DFjQZQi8jC2yBVa,161684,4,rap
2,0.496,0.669,6,-7.184,1,0.201,0.0519,0.0,0.057,0.595,85.011,1TFlvQ12TtF9nHmvXCaLpx,spotify:track:1TFlvQ12TtF9nHmvXCaLpx,276333,4,rap
3,0.813,0.743,11,-4.311,1,0.117,0.0663,0.0,0.154,0.388,99.445,5cQsVuIWmtNLPkx531n9YM,spotify:track:5cQsVuIWmtNLPkx531n9YM,130251,4,rap
4,0.707,0.614,3,-5.641,0,0.41,0.703,0.0,0.56,0.637,68.766,2VkddU9b4DSf9uFJr3HJHr,spotify:track:2VkddU9b4DSf9uFJr3HJHr,112662,4,rap
5,0.744,0.626,2,-7.001,1,0.0917,0.0561,0.0,0.684,0.153,105.107,3dA1lU0x8Hm2MlCqz3w7cH,spotify:track:3dA1lU0x8Hm2MlCqz3w7cH,148813,4,rap
6,0.952,0.469,9,-7.61,1,0.272,0.0799,0.0446,0.0815,0.169,101.013,6f1zuPgMf9KtmZYnqEqski,spotify:track:6f1zuPgMf9KtmZYnqEqski,118812,4,rap
7,0.548,0.805,7,-5.732,1,0.351,0.212,0.000389,0.408,0.648,142.094,79s5XnCN4TJKTVMSmOx8Ep,spotify:track:79s5XnCN4TJKTVMSmOx8Ep,216387,4,rap
8,0.753,0.7,4,-5.297,0,0.0513,0.0347,0.0,0.282,0.54,127.895,5SjWXrGT82DWuXxkMcC3DB,spotify:track:5SjWXrGT82DWuXxkMcC3DB,168798,4,rap
9,0.608,0.737,0,-6.235,1,0.244,0.497,0.0,0.166,0.721,98.105,5q4MzJdq5teCsJ4xE6jviK,spotify:track:5q4MzJdq5teCsJ4xE6jviK,167143,4,rap
10,0.759,0.667,5,-8.699,0,0.13,0.0647,0.0963,0.177,0.123,93.953,6dx0d36ID1nrusuAUqcaEv,spotify:track:6dx0d36ID1nrusuAUqcaEv,142941,4,rap
11,0.712,0.861,5,-5.487,0,0.25,0.0182,6.09e-06,0.511,0.388,84.042,06JvOZ39sK8D8SqiqfaxDU,spotify:track:06JvOZ39sK8D8SqiqfaxDU,148571,4,rap
12,0.835,0.889,7,-3.462,0,0.312,0.456,0.0,0.117,0.793,140.122,3ex4xZq0oxBYBptnPLV9cy,spotify:track:3ex4xZq0oxBYBptnPLV9cy,168214,4,rap
13,0.916,0.844,7,-3.967,1,0.236,0.0394,0.0,0.0778,0.586,95.19,0Z2J91b2iTGLVTZC4fKgxf,spotify:track:0Z2J91b2iTGLVTZC4fKgxf,312627,4,rap
14,0.89,0.6,2,-9.609,0,0.326,0.105,0.0,0.117,0.464,94.915,2kGlp16MjSJRPbFShyTjXb,spotify:track:2kGlp16MjSJRPbFShyTjXb,146526,4,rap
15,0.681,0.636,1,-6.326,0,0.166,0.315,0.0,0.156,0.575,132.004,36dsnMrrnD7tDqLdEACgMx,spotify:track:36dsnMrrnD7tDqLdEACgMx,151818,4,rap
16,0.869,0.421,5,-9.09,0,0.416,0.255,0.0,0.115,0.667,139.921,1jiDCQUaa9LmWpQJRuOWRb,spotify:track:1jiDCQUaa9LmWpQJRuOWRb,135520,4,rap
17,0.775,0.736,1,-8.072,0,0.247,0.319,0.00116,0.127,0.362,100.988,2g6tReTlM2Akp41g0HaeXN,spotify:track:2g6tReTlM2Akp41g0HaeXN,239027,4,rap
18,0.878,0.527,8,-10.173,0,0.137,0.378,0.00183,0.297,0.735,132.003,64s0ZmTEwVhztlrEP6Xt9J,spotify:track:64s0ZmTEwVhztlrEP6Xt9J,196520,4,rap
19,0.933,0.5,10,-9.652,0,0.185,0.0295,0.0,0.0695,0.742,102.969,2TcAeEJb8CKeRml6SSwmJf,spotify:track:2TcAeEJb8CKeRml6SSwmJf,177062,4,rap
20,0.882,0.667,1,-8.158,0,0.0525,0.0531,1.32e-06,0.124,0.665,126.024,3uxDq5iITcm46eclwAYR7g,spotify:track:3uxDq5iITcm46eclwAYR7g,164253,4,rap
21,0.937,0.707,10,-5.153,0,0.146,0.18,0.000376,0.186,0.766,100.031,6mDcLPGVCmdhMN4gBzNb7s,spotify:track:6mDcLPGVCmdhMN4gBzNb7s,182400,4,rap
22,0.827,0.596,2,-11.001,1,0.0697,0.16,0.013,0.123,0.321,120.009,02xJj4Cv22TV60L0T3atsO,spotify:track:02xJj4Cv22TV60L0T3atsO,200000,4,rap
23,0.819,0.541,9,-8.0,0,0.449,0.37,0.0,0.111,0.598,107.22,1wBNo1F5ir5qmTb9VsTfeO,spotify:track:1wBNo1F5ir5qmTb9VsTfeO,181682,4,rap
24,0.669,0.773,0,-5.619,1,0.153,0.038,0.0,0.113,0.377,93.923,32vE1nuG8T9c8bhmZdRY6d,spotify:track:32vE1nuG8T9c8bhmZdRY6d,185857,4,rap
25,0.843,0.806,4,-5.946,0,0.269,0.143,0.0,0.0771,0.613,94.948,0I3q5fE6wg7LIfHGngUTnV,spotify:track:0I3q5fE6wg7LIfHGngUTnV,270507,4,rap
26,0.612,0.484,6,-8.19,0,0.275,0.801,0.0,0.0926,0.655,102.967,1vyWquflaiRZNvmDMAXedU,spotify:track:1vyWquflaiRZNvmDMAXedU,178846,4,rap
27,0.832,0.534,1,-7.813,0,0.253,0.345,0.0,0.165,0.116,93.924,1VLtjHwRWOVJiE5Py7JxoQ,spotify:track:1VLtjHwRWOVJiE5Py7JxoQ,132833,4,rap
28,0.846,0.701,4,-6.809,0,0.1,0.0771,0.0,0.303,0.785,129.89,6yMlFbOT0gNy7Qlsrn2jD7,spotify:track:6yMlFbOT0gNy7Qlsrn2jD7,167520,4,rap
29,0.792,0.625,1,-5.609,1,0.0536,0.00776,0.0018,0.329,0.37,103.967,1zi7xx7UVEFkmKfv06H8x0,spotify:track:1zi7xx7UVEFkmKfv06H8x0,173987,4,rap
30,0.847,0.743,11,-7.017,0,0.101,0.644,0.0767,0.121,0.236,97.978,3RZ9e3e7Rrmd9Se8dFOV46,spotify:track:3RZ9e3e7Rrmd9Se8dFOV46,156735,4,rap
31,0.918,0.514,9,-7.282,0,0.185,0.321,3.19e-06,0.106,0.49,112.983,05yJ4zGSH2HP9cSVE4pfOW,spotify:track:05yJ4zGSH2HP9cSVE4pfOW,140893,4,rap
32,0.858,0.575,9,-8.996,1,0.138,0.405,0.0,0.0639,0.777,113.057,7rwijx2xejRaPkEXUftI11,spotify:track:7rwijx2xejRaPkEXUftI11,141361,4,rap
33,0.79,0.782,7,-7.521,1,0.207,0.0542,0.0,0.0798,0.502,98.019,5vQk0ckwdC5VldGJvt2LlO,spotify:track:5vQk0ckwdC5VldGJvt2LlO,200816,4,rap
34,0.72,0.47,10,-6.922,0,0.224,0.626,3.7e-05,0.138,0.208,85.496,3R9KvtovDyPBPtBqiulmoq,spotify:track:3R9KvtovDyPBPtBqiulmoq,185263,4,rap
35,0.962,0.611,6,-6.584,0,0.177,0.351,2.08e-06,0.106,0.643,110.994,5U2oQrjYu3VqQoH5OAyyxq,spotify:track:5U2oQrjYu3VqQoH5OAyyxq,198919,4,rap
36,0.775,0.575,1,-9.292,1,0.271,0.456,0.00923,0.0864,0.455,139.931,0OrfAaTvJgdk0xwi2EJUjh,spotify:track:0OrfAaTvJgdk0xwi2EJUjh,197143,4,rap
37,0.63,0.581,9,-6.922,0,0.434,0.153,6.11e-06,0.101,0.455,122.654,5S3JUCSK7SAkjEW7yoqjlP,spotify:track:5S3JUCSK7SAkjEW7yoqjlP,144000,5,rap
38,0.65,0.777,11,-4.915,1,0.0996,0.0631,0.0,0.406,0.639,129.776,6O4LH1iTTZSeVujl8TzydH,spotify:track:6O4LH1iTTZSeVujl8TzydH,192693,4,rap
39,0.577,0.577,0,-10.053,0,0.49,0.151,0.0,0.13,0.421,118.837,1JEVK6gqfGPM5CIhGyIVnI,spotify:track:1JEVK6gqfGPM5CIhGyIVnI,215000,5,rap
40,0.801,0.501,3,-10.318,0,0.247,0.0654,0.0,0.109,0.548,99.915,02g6wZQZ0cByIqVgjSHBzy,spotify:track:02g6wZQZ0cByIqVgjSHBzy,144000,4,rap
41,0.841,0.788,1,-6.346,0,0.092,0.0618,0.000356,0.123,0.786,98.99,1T43ASu3jRDUOtv80ebNJO,spotify:track:1T43ASu3jRDUOtv80ebNJO,216000,4,rap
42,0.58,0.694,3,-6.575,0,0.0866,0.54,0.0,0.371,0.628,83.49,0wZjEtjXpkoO3PGjCsvF3Y,spotify:track:0wZjEtjXpkoO3PGjCsvF3Y,127893,4,rap
43,0.834,0.748,10,-7.669,0,0.168,0.0342,0.000446,0.106,0.674,143.008,1gnCpBKizZd2w23fb0eOS2,spotify:track:1gnCpBKizZd2w23fb0eOS2,151049,4,rap
44,0.703,0.494,4,-11.805,0,0.201,0.178,0.0,0.173,0.318,170.008,5gA0VPRSWB8QiDJmM5VDZd,spotify:track:5gA0VPRSWB8QiDJmM5VDZd,203384,4,rap
45,0.738,0.581,9,-7.333,1,0.12,0.577,0.0,0.125,0.71,140.055,5Bv6jNkvB82p6NCeaFsVuA,spotify:track:5Bv6jNkvB82p6NCeaFsVuA,132000,4,rap
46,0.841,0.526,6,-6.53,0,0.268,0.0299,0.0,0.0897,0.32,90.068,684ek6GMzzinfgalcgqsE5,spotify:track:684ek6GMzzinfgalcgqsE5,134667,4,rap
47,0.445,0.608,3,-6.536,0,0.353,0.138,0.0,0.0836,0.22,62.229,4MsSHqcST3hs4bZiSYHAZt,spotify:track:4MsSHqcST3hs4bZiSYHAZt,206357,5,rap
48,0.602,0.547,8,-9.764,0,0.319,0.456,3.66e-06,0.105,0.15,97.923,0QovRRlEC2IiM8UXlBKhIS,spotify:track:0QovRRlEC2IiM8UXlBKhIS,195142,4,rap
49,0.648,0.733,10,-5.359,0,0.155,0.103,0.0,0.0652,0.836,174.849,2Gd0oV24QsH0zb9nKFx7s5,spotify:track:2Gd0oV24QsH0zb9nKFx7s5,165253,4,rap
0,0.839,0.506,5,-6.714,0,0.133,0.00207,0.0,0.13,0.44,154.12,4R67rQNSbbsR4TdUVOIdez,spotify:track:4R67rQNSbbsR4TdUVOIdez,149610,4,rap
1,0.775,0.736,1,-8.072,0,0.247,0.319,0.00116,0.127,0.362,100.988,6gI9b2VsoWhjhIuIeToDVs,spotify:track:6gI9b2VsoWhjhIuIeToDVs,239027,4,rap
2,0.684,0.545,1,-6.885,1,0.121,0.159,0.0,0.102,0.407,143.049,1HvTxgCj0mTzQlEo0zLvFb,spotify:track:1HvTxgCj0mTzQlEo0zLvFb,135264,4,rap
3,0.463,0.642,1,-4.474,1,0.34,0.314,0.0,0.0686,0.339,83.389,59nOXPmaKlBfGMDeOVGrIK,spotify:track:59nOXPmaKlBfGMDeOVGrIK,189893,4,rap
4,0.706,0.552,5,-9.479,0,0.0833,0.235,0.0,0.144,0.835,142.037,7z5G2LOdV8okZn4yWg3q5g,spotify:track:7z5G2LOdV8okZn4yWg3q5g,175775,4,rap
5,0.852,0.421,10,-9.153,0,0.208,0.428,2.28e-06,0.106,0.457,95.977,6kYGOFNUMxpab09L5Ukoke,spotify:track:6kYGOFNUMxpab09L5Ukoke,202285,4,rap
6,0.669,0.773,0,-5.619,1,0.153,0.038,0.0,0.113,0.377,93.923,7DwcBgdzqhFJltEaV1XF81,spotify:track:7DwcBgdzqhFJltEaV1XF81,185857,4,rap
7,0.594,0.679,7,-3.702,1,0.345,0.484,7.83e-06,0.114,0.66,106.726,1dp8aQANyTRKssDeAYPiZe,spotify:track:1dp8aQANyTRKssDeAYPiZe,152613,5,rap
8,0.798,0.545,1,-6.466,1,0.168,0.00904,9.48e-05,0.258,0.212,118.029,0Zm7NKJgoKY6ZWwtoEUILK,spotify:track:0Zm7NKJgoKY6ZWwtoEUILK,226653,4,rap
9,0.844,0.656,7,-5.935,0,0.216,0.192,1.82e-05,0.115,0.398,99.983,5ioieZofgvXQK70RFhVohl,spotify:track:5ioieZofgvXQK70RFhVohl,194267,4,rap
10,0.535,0.618,2,-5.668,1,0.382,0.0245,0.0,0.103,0.211,165.991,6ws54n2IzyrIxxyzlG2bVJ,spotify:track:6ws54n2IzyrIxxyzlG2bVJ,213976,4,rap
11,0.746,0.825,3,-4.457,1,0.0435,0.192,0.0,0.365,0.904,143.062,4PYfFHKfjYz6dwAtZhBy1z,spotify:track:4PYfFHKfjYz6dwAtZhBy1z,108651,4,rap
12,0.767,0.438,7,-8.726,0,0.29,0.181,0.0,0.142,0.381,86.975,37Nqx7iavZpotJSDXZWbJ3,spotify:track:37Nqx7iavZpotJSDXZWbJ3,221980,4,rap
13,0.773,0.422,1,-4.572,0,0.187,0.00783,0.00693,0.129,0.488,77.502,3LnpBazWpD31QMTn6LgVGv,spotify:track:3LnpBazWpD31QMTn6LgVGv,136267,1,rap
14,0.905,0.563,8,-6.135,1,0.102,0.0254,9.71e-06,0.113,0.324,106.998,1rDQ4oMwGJI7B4tovsBOxc,spotify:track:1rDQ4oMwGJI7B4tovsBOxc,173948,4,rap
15,0.745,0.65,2,-11.814,1,0.346,0.0451,0.00758,0.111,0.386,144.047,5vUnjhBzRJJIAOJPde6zDx,spotify:track:5vUnjhBzRJJIAOJPde6zDx,152137,4,rap
16,0.88,0.575,6,-6.091,1,0.163,0.415,0.0,0.109,0.671,120.031,1dg3qy5DjoJodawfOCgrTP,spotify:track:1dg3qy5DjoJodawfOCgrTP,232048,4,rap
17,0.773,0.672,4,-5.885,0,0.225,0.522,0.0,0.0851,0.624,145.014,194U52vElkbmFe8QTefrgw,spotify:track:194U52vElkbmFe8QTefrgw,201169,4,rap
18,0.928,0.341,11,-10.196,0,0.103,0.0614,0.0,0.162,0.745,129.966,7o4gBbTM6UBLkOYPw9xMCz,spotify:track:7o4gBbTM6UBLkOYPw9xMCz,170233,4,rap
19,0.807,0.75,11,-4.396,1,0.237,0.17,0.0,0.164,0.961,141.176,6A3SB2C4U6JtCavQOXLYNN,spotify:track:6A3SB2C4U6JtCavQOXLYNN,139574,4,rap
20,0.666,0.465,1,-8.545,1,0.26,0.0503,0.0,0.215,0.292,167.937,40iJIUlhi6renaREYGeIDS,spotify:track:40iJIUlhi6renaREYGeIDS,291175,4,rap
21,0.908,0.496,5,-8.364,0,0.0783,0.145,1.57e-06,0.0754,0.541,120.039,723BtHZOTCxN2xOselHQpG,spotify:track:723BtHZOTCxN2xOselHQpG,174216,4,rap
22,0.797,0.631,3,-3.818,0,0.0786,0.0904,3.71e-06,0.0998,0.288,129.915,40uMIn2zJLAQhNXghRjBed,spotify:track:40uMIn2zJLAQhNXghRjBed,184213,4,rap
23,0.793,0.571,1,-9.247,1,0.249,0.382,5.27e-06,0.101,0.616,150.052,0s8QrhtXW1Av2tuLLerDjN,spotify:track:0s8QrhtXW1Av2tuLLerDjN,128078,4,rap
24,0.7,0.505,1,-5.997,1,0.123,0.214,0.0,0.0822,0.161,125.958,5R1RXd5Og15AT9RfUX8nJ1,spotify:track:5R1RXd5Og15AT9RfUX8nJ1,173142,4,rap
25,0.792,0.707,7,-5.218,0,0.0623,0.116,0.0,0.12,0.408,134.997,2IePEfMAtqWS6rLXXFZIgI,spotify:track:2IePEfMAtqWS6rLXXFZIgI,224042,4,rap
26,0.738,0.681,8,-6.313,0,0.163,0.189,0.0,0.0983,0.546,144.926,0DpTRR4HyiDJH4Waoj9hXU,spotify:track:0DpTRR4HyiDJH4Waoj9hXU,206102,4,rap
27,0.613,0.624,11,-6.66,0,0.206,0.496,0.0,0.283,0.803,62.948,4slSrbTK1sNK4I1mDYEthf,spotify:track:4slSrbTK1sNK4I1mDYEthf,167917,5,rap
28,0.803,0.597,11,-6.035,0,0.141,0.000619,4.5e-06,0.323,0.331,136.008,0k1WUmIRnG3xU6fvvDVfRG,spotify:track:0k1WUmIRnG3xU6fvvDVfRG,257605,4,rap
30,0.646,0.597,1,-6.045,1,0.401,0.11,0.0,0.0958,0.6,88.506,70pwY1UfPmSVE3ybPjFy0p,spotify:track:70pwY1UfPmSVE3ybPjFy0p,184893,4,rap
31,0.789,0.536,6,-6.862,1,0.242,0.41,0.0,0.129,0.437,81.039,43PGPuHIlVOc04jrZVh9L6,spotify:track:43PGPuHIlVOc04jrZVh9L6,165926,4,rap
32,0.807,0.659,11,-6.92,1,0.332,0.0224,0.0,0.309,0.438,82.465,21UkXrc9kD48rNpTMI2ecz,spotify:track:21UkXrc9kD48rNpTMI2ecz,168727,4,rap
33,0.693,0.784,9,-5.678,0,0.046,0.0458,0.0,0.165,0.349,99.914,7hbcRsR3AfOtNfjRrZAChl,spotify:track:7hbcRsR3AfOtNfjRrZAChl,204227,4,rap
34,0.907,0.393,4,-7.636,0,0.0539,0.451,1.35e-06,0.135,0.202,104.949,5Kskr9LcNYa0tpt5f0ZEJx,spotify:track:5Kskr9LcNYa0tpt5f0ZEJx,205458,4,rap
35,0.571,0.767,2,-5.16,1,0.287,0.336,0.0,0.0809,0.605,93.421,1dIWPXMX4kRHj6Dt2DStUQ,spotify:track:1dIWPXMX4kRHj6Dt2DStUQ,161684,4,rap
36,0.833,0.652,11,-6.942,1,0.0762,0.00161,0.0985,0.106,0.405,158.022,0LnS7aOdOdI1dNKZqdOLz4,spotify:track:0LnS7aOdOdI1dNKZqdOLz4,135053,4,rap
37,0.83,0.698,1,-5.549,0,0.163,0.224,0.00065,0.0761,0.825,144.929,5h5TUj8pU2WhdSeJx9BnX2,spotify:track:5h5TUj8pU2WhdSeJx9BnX2,216828,4,rap
38,0.825,0.414,2,-6.634,1,0.144,0.00265,0.0,0.357,0.106,72.993,4A8cWXxKfIL3lAyUDzXbCF,spotify:track:4A8cWXxKfIL3lAyUDzXbCF,200548,4,rap
39,0.83,0.675,10,-5.186,1,0.22,0.597,0.0,0.114,0.528,140.89,709MdyUol3Qfgcowmd7KV4,spotify:track:709MdyUol3Qfgcowmd7KV4,196940,4,rap
40,0.48,0.602,10,-6.335,0,0.368,0.487,0.0,0.0848,0.269,179.798,5rZlwNFl01HqLWBQGryKSm,spotify:track:5rZlwNFl01HqLWBQGryKSm,213333,4,rap
41,0.8,0.56,5,-4.818,0,0.261,0.057,0.0,0.134,0.45,163.071,6EDO9iiTtwNv6waLwa1UUq,spotify:track:6EDO9iiTtwNv6waLwa1UUq,200221,4,rap
42,0.677,0.557,1,-8.409,1,0.0694,0.00508,8.36e-06,0.0984,0.1,150.127,62Yo3FDddWY8ydu6PW2wyz,spotify:track:62Yo3FDddWY8ydu6PW2wyz,206385,4,rap
43,0.954,0.367,4,-9.551,0,0.288,0.341,5.48e-06,0.0979,0.372,124.026,531KGXtBroSrOX9LVmiIgc,spotify:track:531KGXtBroSrOX9LVmiIgc,211935,4,rap
44,0.8,0.658,1,-6.142,0,0.079,0.25,0.0,0.111,0.462,140.042,2DQNYMRjisN3KAPj1bEwOI,spotify:track:2DQNYMRjisN3KAPj1bEwOI,195429,4,rap
45,0.716,0.513,5,-10.159,0,0.223,0.085,0.0,0.12,0.8,141.894,7pnQ23WgZca9jEfMts9qsR,spotify:track:7pnQ23WgZca9jEfMts9qsR,158118,4,rap
46,0.793,0.481,9,-9.258,1,0.124,0.019,1.09e-06,0.139,0.395,132.202,2lUDBd7JrgAMltcp6dcd7D,spotify:track:2lUDBd7JrgAMltcp6dcd7D,204626,4,rap
47,0.75,0.531,2,-8.988,0,0.0513,0.374,0.0,0.107,0.663,139.997,0P88fVbvRQGgRQN1GulQNy,spotify:track:0P88fVbvRQGgRQN1GulQNy,125143,4,rap
48,0.756,0.698,6,-5.464,1,0.178,0.0849,0.0,0.221,0.66,77.497,5KQxun2WxwDMsV7HCN2ONK,spotify:track:5KQxun2WxwDMsV7HCN2ONK,247714,4,rap
49,0.837,0.608,0,-5.986,0,0.213,0.306,0.0,0.121,0.699,145.023,1E8xVRD9lPeXJQ3vXIlJk2,spotify:track:1E8xVRD9lPeXJQ3vXIlJk2,175097,4,rap
50,0.732,0.672,10,-8.462,0,0.148,0.0642,0.0,0.121,0.16,137.03,1wNdGz7BlB9kH5lDc1eLLb,spotify:track:1wNdGz7BlB9kH5lDc1eLLb,140601,4,rap
51,0.709,0.548,10,-8.493,1,0.353,0.65,1.59e-06,0.133,0.543,83.995,1tkg4EHVoqnhR6iFEXb60y,spotify:track:1tkg4EHVoqnhR6iFEXb60y,160000,4,rap
52,0.79,0.67,1,-5.527,1,0.105,0.377,2.32e-06,0.119,0.408,139.956,2FeBslNBMdR9V58uv6hd2t,spotify:track:2FeBslNBMdR9V58uv6hd2t,195950,4,rap
53,0.883,0.446,8,-8.723,0,0.296,0.0253,0.0,0.103,0.463,92.95,2vl0D1b0M6UHlD1Fjh5j1m,spotify:track:2vl0D1b0M6UHlD1Fjh5j1m,165161,4,rap
54,0.676,0.61,1,-9.185,1,0.273,0.000114,1.73e-06,0.191,0.519,156.005,54VFhe501kUbDYj2OrueMp,spotify:track:54VFhe501kUbDYj2OrueMp,186538,4,rap
55,0.682,0.708,6,-5.597,0,0.165,0.611,0.0328,0.0955,0.594,122.053,63ZedTAVRCICh2CNLWnsPZ,spotify:track:63ZedTAVRCICh2CNLWnsPZ,211456,4,rap
56,0.711,0.611,1,-5.453,1,0.329,0.00575,0.0,0.231,0.144,134.14,7Bpx2vsWfQFBACRz4h3IqH,spotify:track:7Bpx2vsWfQFBACRz4h3IqH,252070,4,rap
57,0.783,0.721,7,-5.029,1,0.0514,0.351,0.0,0.175,0.628,145.056,5T0ahhwM0f4YYExfIGEHVw,spotify:track:5T0ahhwM0f4YYExfIGEHVw,146803,4,rap
58,0.69,0.514,8,-11.81,0,0.328,0.0975,0.497,0.346,0.307,72.791,1xqRKo0SDFDO5Jy8yEVD0X,spotify:track:1xqRKo0SDFDO5Jy8yEVD0X,191209,4,rap
59,0.823,0.586,6,-6.606,0,0.2,0.114,0.0,0.193,0.347,125.971,0PvFJmanyNQMseIFrU708S,spotify:track:0PvFJmanyNQMseIFrU708S,190476,4,rap
60,0.596,0.65,9,-5.167,1,0.337,0.138,0.0,0.14,0.188,133.997,4lUmnwRybYH7mMzf16xB0y,spotify:track:4lUmnwRybYH7mMzf16xB0y,257428,4,rap
61,0.762,0.649,11,-5.624,0,0.0527,0.58,1.7e-05,0.0971,0.501,145.09,1WGmhglF1ghRiHsx4YUq86,spotify:track:1WGmhglF1ghRiHsx4YUq86,239146,4,rap
62,0.519,0.568,1,-9.551,1,0.155,0.211,1.73e-06,0.0912,0.707,159.988,45s98gUcOcj5nJeFDNLH2g,spotify:track:45s98gUcOcj5nJeFDNLH2g,232500,4,rap
63,0.651,0.836,9,-4.33,0,0.212,0.357,0.0,0.154,0.738,139.151,0lWbTtEZCeej46pYi4LJMu,spotify:track:0lWbTtEZCeej46pYi4LJMu,188213,4,rap
64,0.674,0.58,8,-4.866,1,0.0311,0.0609,0.0,0.159,0.0759,121.987,3i6sCTU7ENlnHpHvrHUitW,spotify:track:3i6sCTU7ENlnHpHvrHUitW,259672,4,rap
65,0.775,0.405,1,-7.382,1,0.06,0.156,0.0,0.0914,0.559,89.998,3VJCF5cQExY4I1UUeumYPv,spotify:track:3VJCF5cQExY4I1UUeumYPv,130871,4,rap
66,0.644,0.671,11,-5.156,0,0.315,0.0225,0.0,0.0855,0.563,132.001,5vhrsx08dHh2QcVh1Rsiwt,spotify:track:5vhrsx08dHh2QcVh1Rsiwt,250723,4,rap
67,0.713,0.689,11,-5.99,1,0.255,0.16,0.0,0.136,0.63,156.934,1oc92BMKYkNxK17C2GtyRM,spotify:track:1oc92BMKYkNxK17C2GtyRM,171319,4,rap
68,0.719,0.762,6,-6.623,1,0.114,0.199,9.89e-06,0.358,0.676,100.08,01SyViM4lbRtUS9h5Vq1Zy,spotify:track:01SyViM4lbRtUS9h5Vq1Zy,160000,4,rap
69,0.692,0.683,10,-6.887,1,0.285,0.372,0.0,0.0887,0.552,139.814,3NWzA0reKxIRyXPZtBHTDB,spotify:track:3NWzA0reKxIRyXPZtBHTDB,166768,4,rap
70,0.69,0.949,10,-3.13,0,0.379,0.124,0.0,0.0429,0.757,163.954,3BMG9dnjNymT1OGUXQTAXl,spotify:track:3BMG9dnjNymT1OGUXQTAXl,179534,4,rap
71,0.808,0.582,11,-6.26,1,0.338,0.827,0.0,0.111,0.675,77.471,6EbVuwU7EnKeF2hdpViXCH,spotify:track:6EbVuwU7EnKeF2hdpViXCH,148817,4,rap
72,0.831,0.727,8,-3.657,0,0.169,0.447,0.0,0.111,0.703,125.068,3JVTsvTldB6arHVlmxmTnM,spotify:track:3JVTsvTldB6arHVlmxmTnM,213080,4,rap
73,0.718,0.628,0,-5.334,1,0.373,0.0884,0.0,0.186,0.771,139.769,6pmNoWKk0r6zfIjWneJRxR,spotify:track:6pmNoWKk0r6zfIjWneJRxR,154433,4,rap
74,0.885,0.678,7,-6.456,1,0.359,0.044,0.0,0.0899,0.755,127.935,1s3etXt5RKVEuC14ugwmHy,spotify:track:1s3etXt5RKVEuC14ugwmHy,210143,4,rap
75,0.897,0.502,1,-6.424,1,0.185,0.0256,0.0,0.102,0.751,84.5,4nOr5Mas8g2cF5CfTHZfpY,spotify:track:4nOr5Mas8g2cF5CfTHZfpY,196686,4,rap
76,0.74,0.501,1,-6.339,1,0.0592,0.019,0.0,0.114,0.119,83.5,7qM1BWAsZMTYh4BcYLb0uQ,spotify:track:7qM1BWAsZMTYh4BcYLb0uQ,231011,4,rap
77,0.882,0.471,2,-8.827,0,0.118,0.058,0.0,0.0991,0.372,95.02,0tIHHwV2eL10rpQ1fiyDjz,spotify:track:0tIHHwV2eL10rpQ1fiyDjz,141663,4,rap
78,0.904,0.723,11,-5.224,0,0.26,0.0631,0.0,0.185,0.835,145.013,2MbdDtCv5LUVjYy9RuGTgC,spotify:track:2MbdDtCv5LUVjYy9RuGTgC,227478,4,rap
79,0.81,0.511,5,-6.924,0,0.164,0.12,0.0,0.0832,0.837,151.947,6zFMeegAMYQo0mt8rXtrli,spotify:track:6zFMeegAMYQo0mt8rXtrli,154998,4,rap
0,0.7,0.459,9,-12.959,1,0.346,0.638,0.0,0.0981,0.468,99.988,78ywqAbY9QktwlTHyc8c4I,spotify:track:78ywqAbY9QktwlTHyc8c4I,205200,4,rap
1,0.776,0.585,2,-10.716,0,0.259,0.555,0.00369,0.226,0.724,138.136,5ZRM9cNzt2CS9eZyzEyRtZ,spotify:track:5ZRM9cNzt2CS9eZyzEyRtZ,120000,4,rap
2,0.761,0.773,11,-4.57,1,0.238,0.152,0.0,0.63,0.947,141.174,203uVLn0YRikqOgI4axq8n,spotify:track:203uVLn0YRikqOgI4axq8n,150213,4,rap
3,0.54,0.585,8,-7.563,0,0.309,0.198,0.0,0.147,0.516,100.289,5wwPdWKbDEiybmWkZqsGGn,spotify:track:5wwPdWKbDEiybmWkZqsGGn,120839,3,rap
4,0.614,0.82,6,-4.32,0,0.226,0.0781,8.18e-05,0.618,0.739,146.235,7e1WjNmwjzNsbQeg2CGlgF,spotify:track:7e1WjNmwjzNsbQeg2CGlgF,190685,4,rap
5,0.838,0.454,11,-10.074,0,0.35,0.734,0.0,0.102,0.76,142.114,3Kim4tV3HTnpaELmIh56lI,spotify:track:3Kim4tV3HTnpaELmIh56lI,177465,4,rap
6,0.854,0.508,8,-8.818,1,0.262,0.227,1.33e-05,0.149,0.486,146.137,4SkIdCA9Vp7XXSAlYGtohn,spotify:track:4SkIdCA9Vp7XXSAlYGtohn,185753,4,rap
8,0.768,0.606,9,-7.075,1,0.214,0.085,0.0,0.117,0.681,95.958,6Jfn2Ut4F7snIXmOp7LLco,spotify:track:6Jfn2Ut4F7snIXmOp7LLco,135417,5,rap
9,0.885,0.332,1,-8.62,1,0.848,0.0185,0.0,0.119,0.423,141.849,0rwOtnvfoBHa443aTwjSlu,spotify:track:0rwOtnvfoBHa443aTwjSlu,108169,4,rap
10,0.865,0.601,11,-7.553,0,0.678,0.408,0.0,0.101,0.78,155.097,4HYYvnNZg3sZCGr0NkS8S1,spotify:track:4HYYvnNZg3sZCGr0NkS8S1,134710,4,rap
11,0.811,0.539,1,-8.559,1,0.37,0.593,4.66e-05,0.116,0.796,140.035,4EmzSqaqpv663TP3VvqCa9,spotify:track:4EmzSqaqpv663TP3VvqCa9,180198,4,rap
12,0.761,0.93,4,-4.773,0,0.201,0.132,2.64e-06,0.0614,0.68,113.079,5LgopqF6Rqfp8cWdj9XzCM,spotify:track:5LgopqF6Rqfp8cWdj9XzCM,137895,4,rap
13,0.759,0.803,1,-6.77,0,0.277,0.413,0.0,0.362,0.895,140.994,3FMedgGsLUNwx8NciePFEK,spotify:track:3FMedgGsLUNwx8NciePFEK,141277,4,rap
14,0.564,0.705,1,-7.538,0,0.218,0.0776,4.5e-05,0.305,0.385,88.88,0FP75UX2W460N7q2PKrzdh,spotify:track:0FP75UX2W460N7q2PKrzdh,237263,5,rap
15,0.724,0.562,5,-9.231,1,0.481,0.366,0.0,0.116,0.598,142.872,2smzqbNFB3VZXQ0IBZrBZx,spotify:track:2smzqbNFB3VZXQ0IBZrBZx,182937,4,rap
16,0.865,0.582,1,-10.103,1,0.286,0.0298,0.579,0.117,0.286,140.038,6PyDmJQd9gT9vBOc5aPAXw,spotify:track:6PyDmJQd9gT9vBOc5aPAXw,161143,4,rap
17,0.877,0.813,10,-5.963,0,0.238,0.34,0.0,0.116,0.743,134.126,5cDqRUZtDLktKVX5LcrToQ,spotify:track:5cDqRUZtDLktKVX5LcrToQ,202480,4,rap
18,0.481,0.656,3,-7.389,0,0.165,0.603,0.0,0.109,0.401,142.787,3LSapsjQarL26Kp2LPdkAv,spotify:track:3LSapsjQarL26Kp2LPdkAv,223653,4,rap
19,0.872,0.447,9,-9.487,0,0.56,0.508,0.0,0.147,0.614,144.923,0nmW4fvqTwUDjlz13MNpJU,spotify:track:0nmW4fvqTwUDjlz13MNpJU,145711,4,rap
20,0.904,0.654,11,-9.292,1,0.345,0.468,0.0,0.0617,0.805,144.966,43IYnqZj6slsFqPTmBNS4E,spotify:track:43IYnqZj6slsFqPTmBNS4E,180414,4,rap
21,0.566,0.669,6,-8.443,0,0.362,0.059,0.0,0.0826,0.683,86.651,2oLgGxj5Hk9LqZggVDg1VW,spotify:track:2oLgGxj5Hk9LqZggVDg1VW,237500,5,rap
22,0.829,0.522,1,-9.85,1,0.378,0.718,0.0,0.0692,0.814,143.924,2zgdY31Vt7tvDsr2k5qLbC,spotify:track:2zgdY31Vt7tvDsr2k5qLbC,189782,4,rap
25,0.82,0.607,8,-7.972,1,0.426,0.386,0.0,0.109,0.633,141.121,2LLr8jTfTWQI8QjSm4lzgA,spotify:track:2LLr8jTfTWQI8QjSm4lzgA,178782,5,rap
27,0.838,0.761,0,-5.476,1,0.194,0.0595,0.0,0.0817,0.399,143.988,1idQpK6A2SotHKjw2AotLS,spotify:track:1idQpK6A2SotHKjw2AotLS,123932,4,rap
28,0.44,0.546,9,-8.447,0,0.24,0.195,0.0,0.29,0.374,98.399,7fBvY5cMBU822ZusIgQE8g,spotify:track:7fBvY5cMBU822ZusIgQE8g,214955,4,rap
29,0.877,0.75,1,-3.021,1,0.238,0.1,2.18e-05,0.123,0.823,104.035,1TfpBtkEQiDISwBcW1BeCX,spotify:track:1TfpBtkEQiDISwBcW1BeCX,233293,4,rap
30,0.865,0.668,5,-7.131,0,0.526,0.365,9.12e-05,0.113,0.421,139.999,1fmVM7nzDB3pUPhPQgzYoT,spotify:track:1fmVM7nzDB3pUPhPQgzYoT,206037,4,rap
31,0.956,0.419,6,-11.599,0,0.341,0.201,0.0,0.0928,0.495,119.994,5NSMTglRdvEU96yrUuj6Mc,spotify:track:5NSMTglRdvEU96yrUuj6Mc,160000,4,rap
32,0.576,0.66,8,-6.022,0,0.421,0.376,0.0,0.0777,0.797,200.087,3wyfDf57MYVDeGW8qYIWsn,spotify:track:3wyfDf57MYVDeGW8qYIWsn,165507,4,rap
33,0.932,0.515,8,-8.119,1,0.249,0.387,0.0,0.111,0.195,133.019,5ohlN3aJiV7849vqb3HDI1,spotify:track:5ohlN3aJiV7849vqb3HDI1,159592,4,rap
34,0.874,0.776,11,-6.805,0,0.368,0.106,0.0,0.316,0.87,143.175,1dLdpXrYpWPisDAWyFk2Xv,spotify:track:1dLdpXrYpWPisDAWyFk2Xv,174545,4,rap
35,0.518,0.704,9,-6.782,1,0.368,0.0866,0.0,0.346,0.702,99.192,4MKOj49FQ3dlI9gqCOIjIn,spotify:track:4MKOj49FQ3dlI9gqCOIjIn,152686,4,rap
36,0.946,0.617,1,-6.793,1,0.259,0.211,0.0,0.131,0.492,130.078,7L652Sm9c1PBnBPqdCA8RW,spotify:track:7L652Sm9c1PBnBPqdCA8RW,134320,4,rap
37,0.545,0.664,1,-10.033,1,0.336,0.312,0.0,0.212,0.407,100.042,2utO4r7BTh4TnquhcGsBrU,spotify:track:2utO4r7BTh4TnquhcGsBrU,135450,5,rap
38,0.886,0.902,0,-5.684,1,0.212,0.273,0.0,0.503,0.913,144.099,5fDh58djfsNicHJp9mHJej,spotify:track:5fDh58djfsNicHJp9mHJej,203333,4,rap
39,0.92,0.62,3,-7.176,0,0.26,0.122,7.54e-05,0.276,0.547,101.066,5VzpAMUOFLlDnhBnx28y9X,spotify:track:5VzpAMUOFLlDnhBnx28y9X,197738,4,rap
40,0.547,0.568,0,-8.878,0,0.197,0.636,0.0,0.243,0.265,92.151,3Efqg1BYDiVvRa6MLeVogB,spotify:track:3Efqg1BYDiVvRa6MLeVogB,181848,4,rap
41,0.647,0.612,4,-7.442,0,0.0681,0.0871,0.0,0.294,0.615,145.055,2koM4vqlpUzeRbNkjsDBwF,spotify:track:2koM4vqlpUzeRbNkjsDBwF,154958,4,rap
42,0.824,0.624,5,-7.485,0,0.0793,0.00919,0.0147,0.107,0.695,160.084,4zH7cV5EXNJAi0n4aFlIxM,spotify:track:4zH7cV5EXNJAi0n4aFlIxM,149062,4,rap
43,0.528,0.705,4,-7.3,0,0.156,0.28,0.0,0.0876,0.485,141.28,3s2M6pgNmSwbfFoe8UNgrD,spotify:track:3s2M6pgNmSwbfFoe8UNgrD,260735,4,rap
44,0.846,0.546,0,-10.145,1,0.33,0.205,3.73e-06,0.327,0.71,137.941,5jbHdlZtZbb3oY9SFT4Jb9,spotify:track:5jbHdlZtZbb3oY9SFT4Jb9,180625,4,rap
45,0.651,0.761,10,-7.801,1,0.25,0.446,3.5e-05,0.111,0.869,139.526,3V6smv7JlVHAPnp8xegMAd,spotify:track:3V6smv7JlVHAPnp8xegMAd,150857,4,rap
46,0.871,0.639,7,-7.821,1,0.349,0.121,0.0,0.193,0.764,141.06,3167uNHlYILMowcArVoLZ3,spotify:track:3167uNHlYILMowcArVoLZ3,205957,4,rap
47,0.617,0.477,1,-9.889,1,0.36,0.00422,0.0,0.083,0.436,99.095,1vThiuxP3lAHp85Q9qO8E5,spotify:track:1vThiuxP3lAHp85Q9qO8E5,196801,4,rap
48,0.85,0.564,1,-9.631,0,0.383,0.238,0.0,0.111,0.348,139.92,7lYNiZgNS2Khdd4nXznIEj,spotify:track:7lYNiZgNS2Khdd4nXznIEj,150885,4,rap
49,0.736,0.518,10,-11.607,0,0.468,0.379,0.0,0.0989,0.771,142.079,5cwYX4CyNy4Gn1EubPOkmH,spotify:track:5cwYX4CyNy4Gn1EubPOkmH,137306,4,rap
